doctor_id,doctor_name,specialty,location,latitude,longitude,rating,experience_years,num_reviews
1,Dr. Youssef Magdy,Gynecology,Sohag,26.556,31.6948,3.9,3,298
2,Dr. Youssef Nabil,Psychiatry,Cairo,30.0444,31.2357,3.9,19,92
3,Dr. Mohamed Kamal,Urology,Giza,30.0131,31.2089,3.6,15,30
4,Dr. Samir Lotfy,Gynecology,Alexandria,31.2001,29.9187,3.7,22,254
5,Dr. Mai Adel,Dermatology,Zagazig,30.5877,31.502,4.4,25,159
6,Dr. Sara Mahmoud,Orthopedics,Mansoura,31.0409,31.3785,3.8,16,263
7,Dr. Karim Samir,Orthopedics,Ismailia,30.5965,32.2715,3.7,26,177
8,Dr. Mohamed Mahmoud,Orthopedics,Ismailia,30.5965,32.2715,4.9,12,141
9,Dr. Salma Said,Neurology,Tanta,30.7865,31.0004,4.0,13,45
10,Dr. Sara Youssef,Neurology,Ismailia,30.5965,32.2715,4.2,23,52
11,Dr. Noura Nabil,Cardiology,Sohag,26.556,31.6948,3.5,28,86
12,Dr. Samir Nabil,Urology,Assiut,27.18,31.1837,4.0,28,212
13,Dr. Mona Samir,Urology,Alexandria,31.2001,29.9187,3.8,13,299
14,Dr. Mostafa Kamal,Neurology,Giza,30.0131,31.2089,4.3,25,179
15,Dr. Mostafa Adel,Urology,Tanta,30.7865,31.0004,4.2,11,114
16,Dr. Sara Kamal,Dermatology,Fayoum,29.3084,30.8429,4.4,15,94
17,Dr. Noura Samir,Ophthalmology,Ismailia,30.5965,32.2715,4.4,23,293
18,Dr. Karim Hassan,Cardiology,Mansoura,31.0409,31.3785,4.5,22,69
19,Dr. Mostafa Nabil,Ophthalmology,Tanta,30.7865,31.0004,4.0,25,219
20,Dr. Laila Fathy,Psychiatry,Sohag,26.556,31.6948,3.9,8,36
21,Dr. Mona Fathy,Neurology,Cairo,30.0444,31.2357,4.8,25,106
22,Dr. Sara Nabil,ENT,Tanta,30.7865,31.0004,4.9,5,277
23,Dr. Mai Youssef,Dermatology,Mansoura,31.0409,31.3785,4.3,13,131
24,Dr. Mai Magdy,Neurology,Tanta,30.7865,31.0004,4.4,7,25
25,Dr. Samir Said,Pediatrics,Sohag,26.556,31.6948,3.9,6,259
26,Dr. Karim Magdy,Gynecology,Fayoum,29.3084,30.8429,4.9,17,184
27,Dr. Youssef Youssef,Neurology,Alexandria,31.2001,29.9187,4.0,24,58
28,Dr. Youssef Kamal,Pediatrics,Assiut,27.18,31.1837,4.4,7,162
29,Dr. Youssef Mahmoud,Orthopedics,Cairo,30.0444,31.2357,4.1,24,293
30,Dr. Tamer Magdy,Pediatrics,Giza,30.0131,31.2089,4.3,20,213
31,Dr. Mona Ali,Neurology,Alexandria,31.2001,29.9187,5.0,30,251
32,Dr. Salma Samir,ENT,Cairo,30.0444,31.2357,4.8,8,278
33,Dr. Sara Kamal,Dermatology,Fayoum,29.3084,30.8429,4.5,9,92
34,Dr. Youssef Samir,ENT,Mansoura,31.0409,31.3785,4.6,7,193
35,Dr. Heba Fathy,Pediatrics,Sohag,26.556,31.6948,4.8,30,58
36,Dr. Omar Adel,Neurology,Sohag,26.556,31.6948,3.8,23,46
37,Dr. Mai Magdy,Orthopedics,Fayoum,29.3084,30.8429,4.4,5,49
38,Dr. Karim Lotfy,ENT,Giza,30.0131,31.2089,4.6,7,238
39,Dr. Hala Nabil,Orthopedics,Tanta,30.7865,31.0004,4.8,25,92
40,Dr. Samir Adel,Orthopedics,Ismailia,30.5965,32.2715,4.7,12,218
41,Dr. Heba Adel,Gynecology,Fayoum,29.3084,30.8429,3.6,5,218
42,Dr. Mona Nabil,Cardiology,Mansoura,31.0409,31.3785,4.9,23,98
43,Dr. Karim Samir,Ophthalmology,Assiut,27.18,31.1837,4.0,11,119
44,Dr. Salma Ali,Urology,Alexandria,31.2001,29.9187,4.2,12,297
45,Dr. Youssef Hassan,ENT,Alexandria,31.2001,29.9187,4.4,11,236
46,Dr. Sara Ali,ENT,Fayoum,29.3084,30.8429,4.0,11,200
47,Dr. Laila Kamal,Cardiology,Assiut,27.18,31.1837,5.0,13,211
48,Dr. Hala Lotfy,Pediatrics,Mansoura,31.0409,31.3785,4.3,5,239
49,Dr. Youssef Ali,Gynecology,Tanta,30.7865,31.0004,3.7,25,104
50,Dr. Laila Kamal,ENT,Tanta,30.7865,31.0004,3.8,6,268
51,Dr. Omar Nabil,Gynecology,Tanta,30.7865,31.0004,3.7,6,287
52,Dr. Tamer Lotfy,Neurology,Fayoum,29.3084,30.8429,4.3,28,190
53,Dr. Laila Mahmoud,Orthopedics,Giza,30.0131,31.2089,4.8,27,232
54,Dr. Mai Fathy,ENT,Ismailia,30.5965,32.2715,4.8,29,248
55,Dr. Ahmed Ali,Gynecology,Sohag,26.556,31.6948,4.8,13,277
56,Dr. Karim Said,Pediatrics,Fayoum,29.3084,30.8429,4.6,13,149
57,Dr. Mona Magdy,Dermatology,Sohag,26.556,31.6948,3.8,25,31
58,Dr. Omar Fathy,Gynecology,Cairo,30.0444,31.2357,3.6,17,292
59,Dr. Omar Samir,ENT,Giza,30.0131,31.2089,3.6,11,265
60,Dr. Salma Said,Urology,Cairo,30.0444,31.2357,4.4,16,292
61,Dr. Hala Adel,Orthopedics,Sohag,26.556,31.6948,4.2,14,216
62,Dr. Sara Nabil,Dermatology,Mansoura,31.0409,31.3785,4.8,19,74
63,Dr. Hala Lotfy,Neurology,Fayoum,29.3084,30.8429,4.1,7,127
64,Dr. Tamer Lotfy,Psychiatry,Zagazig,30.5877,31.502,3.8,22,244
65,Dr. Mostafa Mahmoud,ENT,Cairo,30.0444,31.2357,4.7,22,66
66,Dr. Heba Youssef,Orthopedics,Assiut,27.18,31.1837,3.7,30,147
67,Dr. Noura Mahmoud,Gynecology,Ismailia,30.5965,32.2715,4.7,10,257
68,Dr. Heba Youssef,Urology,Assiut,27.18,31.1837,4.9,17,102
69,Dr. Samir Adel,Dermatology,Tanta,30.7865,31.0004,4.9,9,217
70,Dr. Mostafa Nabil,Dermatology,Mansoura,31.0409,31.3785,4.6,28,172
71,Dr. Sara Magdy,Urology,Tanta,30.7865,31.0004,3.9,9,230
72,Dr. Mai Fathy,Ophthalmology,Cairo,30.0444,31.2357,4.9,6,216
73,Dr. Mai Fathy,Neurology,Fayoum,29.3084,30.8429,4.0,7,173
74,Dr. Heba Hassan,Urology,Cairo,30.0444,31.2357,3.6,30,130
75,Dr. Mohamed Nabil,ENT,Ismailia,30.5965,32.2715,4.1,8,44
76,Dr. Salma Hassan,Orthopedics,Tanta,30.7865,31.0004,3.9,7,48
77,Dr. Samir Mahmoud,Psychiatry,Giza,30.0131,31.2089,4.2,23,55
78,Dr. Sara Samir,Cardiology,Sohag,26.556,31.6948,4.9,5,66
79,Dr. Laila Hassan,Pediatrics,Mansoura,31.0409,31.3785,3.7,26,157
80,Dr. Youssef Mahmoud,Orthopedics,Tanta,30.7865,31.0004,4.6,17,93
81,Dr. Laila Fathy,Pediatrics,Alexandria,31.2001,29.9187,4.1,21,172
82,Dr. Omar Kamal,Neurology,Mansoura,31.0409,31.3785,3.9,23,296
83,Dr. Noura Fathy,Psychiatry,Tanta,30.7865,31.0004,4.0,18,121
84,Dr. Laila Nabil,Pediatrics,Alexandria,31.2001,29.9187,3.6,28,182
85,Dr. Karim Youssef,Urology,Tanta,30.7865,31.0004,4.5,28,163
86,Dr. Mai Adel,Urology,Tanta,30.7865,31.0004,3.7,17,265
87,Dr. Youssef Adel,Urology,Alexandria,31.2001,29.9187,4.5,24,246
88,Dr. Sara Ali,Gynecology,Ismailia,30.5965,32.2715,3.6,23,272
89,Dr. Mostafa Samir,Urology,Fayoum,29.3084,30.8429,4.4,24,170
90,Dr. Mona Nabil,Pediatrics,Sohag,26.556,31.6948,4.0,20,244
91,Dr. Ahmed Samir,Ophthalmology,Zagazig,30.5877,31.502,4.2,30,34
92,Dr. Salma Mahmoud,Psychiatry,Tanta,30.7865,31.0004,3.9,23,164
93,Dr. Mostafa Hassan,Cardiology,Alexandria,31.2001,29.9187,4.8,28,189
94,Dr. Omar Hassan,Cardiology,Fayoum,29.3084,30.8429,3.7,27,268
95,Dr. Mona Said,Psychiatry,Fayoum,29.3084,30.8429,4.1,5,261
96,Dr. Mai Mahmoud,Neurology,Giza,30.0131,31.2089,4.5,23,36
97,Dr. Mostafa Kamal,Ophthalmology,Ismailia,30.5965,32.2715,4.8,24,42
98,Dr. Laila Mahmoud,Pediatrics,Giza,30.0131,31.2089,4.0,9,200
99,Dr. Mohamed Ali,Pediatrics,Alexandria,31.2001,29.9187,3.8,28,201
100,Dr. Sara Nabil,Ophthalmology,Sohag,26.556,31.6948,4.9,11,237
101,Dr. Tamer Nabil,Orthopedics,Sohag,26.556,31.6948,4.3,3,96
102,Dr. Samir Mahmoud,Urology,Mansoura,31.0409,31.3785,4.8,17,199
103,Dr. Mostafa Youssef,ENT,Fayoum,29.3084,30.8429,4.9,13,68
104,Dr. Youssef Ali,Psychiatry,Ismailia,30.5965,32.2715,4.3,27,142
105,Dr. Mohamed Ali,Gynecology,Tanta,30.7865,31.0004,4.9,6,160
106,Dr. Youssef Kamal,Orthopedics,Fayoum,29.3084,30.8429,4.5,25,38
107,Dr. Tamer Magdy,ENT,Fayoum,29.3084,30.8429,4.1,12,45
108,Dr. Salma Magdy,Pediatrics,Mansoura,31.0409,31.3785,4.0,10,95
109,Dr. Omar Ali,ENT,Cairo,30.0444,31.2357,4.2,13,96
110,Dr. Ahmed Ali,Psychiatry,Fayoum,29.3084,30.8429,4.5,6,111
111,Dr. Mohamed Samir,Neurology,Fayoum,29.3084,30.8429,4.3,15,126
112,Dr. Mona Ali,ENT,Cairo,30.0444,31.2357,3.5,29,51
113,Dr. Mohamed Said,Neurology,Giza,30.0131,31.2089,3.5,9,23
114,Dr. Ahmed Fathy,Cardiology,Cairo,30.0444,31.2357,3.9,17,284
115,Dr. Samir Lotfy,Dermatology,Zagazig,30.5877,31.502,3.8,7,255
116,Dr. Hala Mahmoud,Psychiatry,Alexandria,31.2001,29.9187,3.6,16,30
117,Dr. Hala Mahmoud,ENT,Assiut,27.18,31.1837,4.5,19,223
118,Dr. Ahmed Mahmoud,ENT,Zagazig,30.5877,31.502,4.8,10,139
119,Dr. Youssef Ali,Urology,Tanta,30.7865,31.0004,3.8,28,170
120,Dr. Sara Samir,Pediatrics,Tanta,30.7865,31.0004,4.9,27,23
121,Dr. Mohamed Fathy,Neurology,Ismailia,30.5965,32.2715,4.6,11,298
122,Dr. Mai Hassan,Urology,Sohag,26.556,31.6948,4.9,22,153
123,Dr. Youssef Nabil,Orthopedics,Giza,30.0131,31.2089,3.8,27,273
124,Dr. Ahmed Nabil,Gynecology,Assiut,27.18,31.1837,4.5,26,255
125,Dr. Laila Said,Dermatology,Sohag,26.556,31.6948,4.7,17,277
126,Dr. Omar Said,Urology,Zagazig,30.5877,31.502,3.9,9,255
127,Dr. Mai Youssef,Ophthalmology,Alexandria,31.2001,29.9187,4.8,22,97
128,Dr. Mohamed Hassan,Pediatrics,Assiut,27.18,31.1837,5.0,9,89
129,Dr. Laila Hassan,Dermatology,Cairo,30.0444,31.2357,4.7,7,266
130,Dr. Noura Said,Orthopedics,Alexandria,31.2001,29.9187,4.8,15,169
131,Dr. Tamer Youssef,Ophthalmology,Giza,30.0131,31.2089,3.6,22,283
132,Dr. Samir Ali,Pediatrics,Giza,30.0131,31.2089,3.8,6,99
133,Dr. Mona Fathy,Urology,Ismailia,30.5965,32.2715,3.7,9,212
134,Dr. Mostafa Lotfy,Orthopedics,Tanta,30.7865,31.0004,3.8,30,43
135,Dr. Omar Adel,Urology,Zagazig,30.5877,31.502,3.9,27,111
136,Dr. Sara Ali,Psychiatry,Assiut,27.18,31.1837,4.2,5,29
137,Dr. Omar Fathy,Neurology,Giza,30.0131,31.2089,4.6,28,201
138,Dr. Heba Samir,Orthopedics,Ismailia,30.5965,32.2715,4.1,19,26
139,Dr. Mohamed Magdy,Dermatology,Alexandria,31.2001,29.9187,4.8,5,89
140,Dr. Karim Said,Neurology,Zagazig,30.5877,31.502,3.6,8,255
141,Dr. Mostafa Lotfy,Gynecology,Assiut,27.18,31.1837,3.8,29,39
142,Dr. Samir Lotfy,Gynecology,Tanta,30.7865,31.0004,4.8,10,200
143,Dr. Mohamed Nabil,Gynecology,Giza,30.0131,31.2089,3.6,28,86
144,Dr. Salma Adel,Ophthalmology,Mansoura,31.0409,31.3785,3.6,7,169
145,Dr. Hala Said,Neurology,Giza,30.0131,31.2089,3.9,23,254
146,Dr. Salma Fathy,Orthopedics,Giza,30.0131,31.2089,4.2,7,115
147,Dr. Sara Magdy,Urology,Alexandria,31.2001,29.9187,3.8,21,285
148,Dr. Laila Samir,Dermatology,Tanta,30.7865,31.0004,4.9,8,99
149,Dr. Hala Said,Dermatology,Sohag,26.556,31.6948,5.0,18,238
150,Dr. Salma Kamal,ENT,Giza,30.0131,31.2089,4.2,17,142
151,Dr. Noura Kamal,Psychiatry,Mansoura,31.0409,31.3785,4.5,30,256
152,Dr. Youssef Ali,Ophthalmology,Sohag,26.556,31.6948,4.6,3,119
153,Dr. Youssef Youssef,Dermatology,Giza,30.0131,31.2089,4.4,30,101
154,Dr. Ahmed Youssef,Pediatrics,Mansoura,31.0409,31.3785,4.9,4,156
155,Dr. Mona Ali,Dermatology,Alexandria,31.2001,29.9187,4.8,13,215
156,Dr. Salma Said,Ophthalmology,Giza,30.0131,31.2089,3.9,27,59
157,Dr. Omar Youssef,Gynecology,Mansoura,31.0409,31.3785,3.8,24,219
158,Dr. Hala Magdy,Orthopedics,Cairo,30.0444,31.2357,3.8,14,65
159,Dr. Sara Adel,Orthopedics,Fayoum,29.3084,30.8429,3.9,18,145
160,Dr. Salma Magdy,Gynecology,Tanta,30.7865,31.0004,4.0,8,122
161,Dr. Samir Samir,Orthopedics,Giza,30.0131,31.2089,4.3,26,154
162,Dr. Hala Lotfy,Cardiology,Sohag,26.556,31.6948,4.2,9,259
163,Dr. Youssef Youssef,Orthopedics,Mansoura,31.0409,31.3785,4.2,12,211
164,Dr. Heba Samir,Urology,Assiut,27.18,31.1837,4.7,19,195
165,Dr. Salma Mahmoud,Pediatrics,Ismailia,30.5965,32.2715,4.8,22,53
166,Dr. Mostafa Nabil,Psychiatry,Assiut,27.18,31.1837,4.9,29,252
167,Dr. Karim Ali,Cardiology,Giza,30.0131,31.2089,4.8,26,26
168,Dr. Mai Hassan,Pediatrics,Assiut,27.18,31.1837,4.0,5,232
169,Dr. Sara Magdy,Orthopedics,Mansoura,31.0409,31.3785,4.2,25,177
170,Dr. Mostafa Fathy,ENT,Tanta,30.7865,31.0004,4.0,18,87
171,Dr. Heba Magdy,Pediatrics,Sohag,26.556,31.6948,4.5,15,286
172,Dr. Mohamed Fathy,Cardiology,Zagazig,30.5877,31.502,3.5,5,237
173,Dr. Hala Lotfy,Ophthalmology,Ismailia,30.5965,32.2715,4.9,14,219
174,Dr. Mai Said,Psychiatry,Mansoura,31.0409,31.3785,4.1,8,274
175,Dr. Laila Fathy,Psychiatry,Alexandria,31.2001,29.9187,4.7,11,139
176,Dr. Heba Magdy,Orthopedics,Cairo,30.0444,31.2357,4.6,25,45
177,Dr. Tamer Adel,Dermatology,Sohag,26.556,31.6948,3.9,19,136
178,Dr. Mohamed Ali,Pediatrics,Sohag,26.556,31.6948,4.5,15,124
179,Dr. Ahmed Samir,Urology,Zagazig,30.5877,31.502,4.5,11,59
180,Dr. Ahmed Nabil,Psychiatry,Assiut,27.18,31.1837,4.9,21,283
181,Dr. Salma Said,Urology,Cairo,30.0444,31.2357,4.3,5,240
182,Dr. Hala Hassan,Urology,Cairo,30.0444,31.2357,4.6,12,227
183,Dr. Hala Samir,ENT,Ismailia,30.5965,32.2715,4.0,19,164
184,Dr. Mostafa Lotfy,Gynecology,Mansoura,31.0409,31.3785,4.1,10,49
185,Dr. Laila Mahmoud,Neurology,Fayoum,29.3084,30.8429,3.7,12,183
186,Dr. Mai Nabil,Urology,Mansoura,31.0409,31.3785,4.2,29,122
187,Dr. Hala Mahmoud,Ophthalmology,Giza,30.0131,31.2089,3.7,8,297
188,Dr. Samir Hassan,Orthopedics,Zagazig,30.5877,31.502,4.6,19,114
189,Dr. Mostafa Ali,ENT,Fayoum,29.3084,30.8429,3.5,26,249
190,Dr. Mohamed Samir,ENT,Ismailia,30.5965,32.2715,4.8,16,78
191,Dr. Sara Samir,Dermatology,Giza,30.0131,31.2089,4.9,4,159
192,Dr. Omar Mahmoud,ENT,Alexandria,31.2001,29.9187,4.4,24,96
193,Dr. Ahmed Magdy,ENT,Cairo,30.0444,31.2357,4.0,5,110
194,Dr. Mohamed Samir,ENT,Sohag,26.556,31.6948,4.3,20,212
195,Dr. Ahmed Adel,ENT,Ismailia,30.5965,32.2715,5.0,21,289
196,Dr. Hala Magdy,Urology,Cairo,30.0444,31.2357,3.6,8,28
197,Dr. Mona Magdy,Psychiatry,Zagazig,30.5877,31.502,3.9,22,266
198,Dr. Karim Youssef,Cardiology,Tanta,30.7865,31.0004,4.9,3,34
199,Dr. Samir Said,Gynecology,Sohag,26.556,31.6948,4.3,28,148
200,Dr. Youssef Kamal,Pediatrics,Fayoum,29.3084,30.8429,4.3,7,221
201,Dr. Mostafa Nabil,Gynecology,Fayoum,29.3084,30.8429,4.6,18,191
202,Dr. Salma Hassan,Orthopedics,Assiut,27.18,31.1837,3.8,22,298
203,Dr. Mostafa Magdy,Orthopedics,Sohag,26.556,31.6948,4.0,22,256
204,Dr. Mona Hassan,ENT,Assiut,27.18,31.1837,4.7,4,285
205,Dr. Sara Adel,ENT,Mansoura,31.0409,31.3785,4.5,6,244
206,Dr. Mohamed Magdy,Dermatology,Mansoura,31.0409,31.3785,4.6,14,224
207,Dr. Hala Mahmoud,Dermatology,Giza,30.0131,31.2089,3.7,18,110
208,Dr. Tamer Fathy,Cardiology,Alexandria,31.2001,29.9187,3.6,13,173
209,Dr. Tamer Kamal,Pediatrics,Mansoura,31.0409,31.3785,4.1,19,149
210,Dr. Youssef Magdy,Neurology,Fayoum,29.3084,30.8429,4.8,27,68
211,Dr. Omar Ali,Psychiatry,Giza,30.0131,31.2089,3.9,23,294
212,Dr. Mai Lotfy,Neurology,Fayoum,29.3084,30.8429,4.6,9,61
213,Dr. Hala Nabil,Urology,Assiut,27.18,31.1837,3.9,6,258
214,Dr. Karim Hassan,Neurology,Assiut,27.18,31.1837,4.0,14,261
215,Dr. Mohamed Kamal,ENT,Alexandria,31.2001,29.9187,3.6,3,107
216,Dr. Youssef Ali,Ophthalmology,Ismailia,30.5965,32.2715,4.1,21,229
217,Dr. Youssef Fathy,Cardiology,Ismailia,30.5965,32.2715,3.6,15,232
218,Dr. Mona Samir,Dermatology,Alexandria,31.2001,29.9187,4.2,6,54
219,Dr. Hala Mahmoud,Dermatology,Sohag,26.556,31.6948,3.5,28,68
220,Dr. Omar Lotfy,Ophthalmology,Cairo,30.0444,31.2357,4.8,3,234
221,Dr. Salma Lotfy,Neurology,Mansoura,31.0409,31.3785,4.3,4,148
222,Dr. Ahmed Nabil,Cardiology,Cairo,30.0444,31.2357,3.5,16,98
223,Dr. Mona Adel,Urology,Assiut,27.18,31.1837,3.6,26,153
224,Dr. Laila Nabil,Psychiatry,Assiut,27.18,31.1837,4.6,10,71
225,Dr. Youssef Ali,Cardiology,Alexandria,31.2001,29.9187,4.6,23,33
226,Dr. Tamer Samir,Psychiatry,Assiut,27.18,31.1837,4.8,20,277
227,Dr. Tamer Magdy,Dermatology,Tanta,30.7865,31.0004,3.5,9,121
228,Dr. Ahmed Said,ENT,Alexandria,31.2001,29.9187,4.9,15,235
229,Dr. Heba Samir,Psychiatry,Assiut,27.18,31.1837,3.5,23,204
230,Dr. Hala Mahmoud,Ophthalmology,Alexandria,31.2001,29.9187,4.4,20,177
231,Dr. Youssef Lotfy,Dermatology,Sohag,26.556,31.6948,4.9,21,290
232,Dr. Hala Nabil,Neurology,Fayoum,29.3084,30.8429,4.3,13,215
233,Dr. Salma Samir,Gynecology,Alexandria,31.2001,29.9187,4.5,30,58
234,Dr. Youssef Nabil,Pediatrics,Fayoum,29.3084,30.8429,4.9,27,198
235,Dr. Omar Nabil,Orthopedics,Fayoum,29.3084,30.8429,4.8,5,116
236,Dr. Sara Hassan,Ophthalmology,Fayoum,29.3084,30.8429,4.0,21,81
237,Dr. Ahmed Adel,ENT,Sohag,26.556,31.6948,4.8,21,42
238,Dr. Mohamed Fathy,Ophthalmology,Zagazig,30.5877,31.502,4.7,26,213
239,Dr. Mohamed Magdy,ENT,Assiut,27.18,31.1837,4.6,26,118
240,Dr. Samir Nabil,Gynecology,Cairo,30.0444,31.2357,4.6,19,22
241,Dr. Mostafa Fathy,Gynecology,Assiut,27.18,31.1837,4.7,8,213
242,Dr. Omar Mahmoud,Orthopedics,Mansoura,31.0409,31.3785,3.6,26,126
243,Dr. Noura Samir,Neurology,Zagazig,30.5877,31.502,3.6,6,49
244,Dr. Salma Nabil,Orthopedics,Fayoum,29.3084,30.8429,3.8,9,47
245,Dr. Mohamed Mahmoud,Gynecology,Alexandria,31.2001,29.9187,4.0,10,99
246,Dr. Laila Kamal,Ophthalmology,Ismailia,30.5965,32.2715,4.5,7,293
247,Dr. Sara Magdy,Dermatology,Alexandria,31.2001,29.9187,4.3,9,276
248,Dr. Mona Fathy,Pediatrics,Assiut,27.18,31.1837,4.7,25,155
249,Dr. Heba Fathy,Cardiology,Assiut,27.18,31.1837,4.5,12,38
250,Dr. Mai Adel,ENT,Tanta,30.7865,31.0004,4.2,28,266
251,Dr. Samir Kamal,Psychiatry,Assiut,27.18,31.1837,4.5,19,182
252,Dr. Omar Nabil,Ophthalmology,Cairo,30.0444,31.2357,4.3,17,259
253,Dr. Mostafa Youssef,Urology,Zagazig,30.5877,31.502,4.3,19,22
254,Dr. Noura Mahmoud,Gynecology,Giza,30.0131,31.2089,5.0,28,280
255,Dr. Samir Nabil,Cardiology,Tanta,30.7865,31.0004,4.4,19,202
256,Dr. Samir Youssef,Dermatology,Sohag,26.556,31.6948,4.1,27,52
257,Dr. Hala Nabil,Dermatology,Fayoum,29.3084,30.8429,4.5,23,73
258,Dr. Laila Samir,Ophthalmology,Tanta,30.7865,31.0004,4.9,21,44
259,Dr. Sara Hassan,Dermatology,Ismailia,30.5965,32.2715,4.5,11,65
260,Dr. Mai Nabil,Orthopedics,Alexandria,31.2001,29.9187,4.3,26,167
261,Dr. Salma Samir,Gynecology,Assiut,27.18,31.1837,3.6,21,31
262,Dr. Karim Lotfy,Gynecology,Mansoura,31.0409,31.3785,3.5,29,77
263,Dr. Mona Hassan,Urology,Tanta,30.7865,31.0004,4.5,10,208
264,Dr. Samir Said,Cardiology,Ismailia,30.5965,32.2715,4.6,30,129
265,Dr. Hala Ali,ENT,Alexandria,31.2001,29.9187,4.8,8,240
266,Dr. Ahmed Said,Pediatrics,Ismailia,30.5965,32.2715,3.9,22,67
267,Dr. Mai Adel,Cardiology,Zagazig,30.5877,31.502,4.4,23,275
268,Dr. Mai Mahmoud,Neurology,Cairo,30.0444,31.2357,4.9,16,81
269,Dr. Heba Nabil,ENT,Fayoum,29.3084,30.8429,3.6,23,79
270,Dr. Ahmed Nabil,Ophthalmology,Zagazig,30.5877,31.502,4.5,8,226
271,Dr. Mohamed Adel,Dermatology,Mansoura,31.0409,31.3785,4.6,7,130
272,Dr. Samir Fathy,Orthopedics,Tanta,30.7865,31.0004,4.9,11,102
273,Dr. Karim Kamal,Pediatrics,Sohag,26.556,31.6948,4.7,23,23
274,Dr. Noura Ali,Neurology,Mansoura,31.0409,31.3785,4.6,25,96
275,Dr. Tamer Adel,Gynecology,Assiut,27.18,31.1837,4.8,12,27
276,Dr. Salma Kamal,Psychiatry,Zagazig,30.5877,31.502,3.6,15,33
277,Dr. Ahmed Hassan,Ophthalmology,Alexandria,31.2001,29.9187,4.4,15,117
278,Dr. Hala Said,Urology,Fayoum,29.3084,30.8429,4.1,17,196
279,Dr. Hala Mahmoud,Ophthalmology,Sohag,26.556,31.6948,3.9,4,237
280,Dr. Ahmed Magdy,Cardiology,Mansoura,31.0409,31.3785,4.7,8,89
281,Dr. Mohamed Fathy,Ophthalmology,Cairo,30.0444,31.2357,4.1,18,92
282,Dr. Mona Hassan,Ophthalmology,Alexandria,31.2001,29.9187,3.7,22,124
283,Dr. Youssef Hassan,Cardiology,Fayoum,29.3084,30.8429,4.7,8,58
284,Dr. Mostafa Lotfy,Psychiatry,Cairo,30.0444,31.2357,4.8,28,105
285,Dr. Samir Adel,ENT,Assiut,27.18,31.1837,3.7,28,191
286,Dr. Salma Magdy,Urology,Giza,30.0131,31.2089,3.7,29,164
287,Dr. Karim Nabil,ENT,Giza,30.0131,31.2089,4.0,3,186
288,Dr. Ahmed Nabil,Urology,Assiut,27.18,31.1837,4.8,29,72
289,Dr. Youssef Hassan,Cardiology,Mansoura,31.0409,31.3785,3.9,28,110
290,Dr. Mona Said,Neurology,Cairo,30.0444,31.2357,4.8,7,238
291,Dr. Youssef Said,Psychiatry,Giza,30.0131,31.2089,4.1,28,36
292,Dr. Mostafa Lotfy,Pediatrics,Mansoura,31.0409,31.3785,4.9,12,209
293,Dr. Heba Ali,Gynecology,Alexandria,31.2001,29.9187,3.9,27,127
294,Dr. Mostafa Lotfy,Psychiatry,Sohag,26.556,31.6948,3.9,23,124
295,Dr. Mai Nabil,Urology,Alexandria,31.2001,29.9187,4.5,24,62
296,Dr. Ahmed Fathy,Ophthalmology,Giza,30.0131,31.2089,3.7,21,102
297,Dr. Tamer Kamal,Ophthalmology,Assiut,27.18,31.1837,3.7,8,280
298,Dr. Tamer Hassan,Psychiatry,Giza,30.0131,31.2089,4.5,25,214
299,Dr. Mostafa Lotfy,Neurology,Alexandria,31.2001,29.9187,4.7,18,153
300,Dr. Ahmed Fathy,Cardiology,Fayoum,29.3084,30.8429,3.7,24,102
301,Dr. Mona Said,Pediatrics,Tanta,30.7865,31.0004,4.1,27,133
302,Dr. Tamer Magdy,Ophthalmology,Tanta,30.7865,31.0004,4.8,16,298
303,Dr. Heba Fathy,Urology,Sohag,26.556,31.6948,3.8,10,251
304,Dr. Salma Adel,Dermatology,Zagazig,30.5877,31.502,4.0,25,283
305,Dr. Heba Kamal,Pediatrics,Ismailia,30.5965,32.2715,4.1,13,135
306,Dr. Samir Said,Orthopedics,Assiut,27.18,31.1837,4.3,17,151
307,Dr. Mohamed Youssef,Urology,Fayoum,29.3084,30.8429,3.6,30,102
308,Dr. Karim Nabil,Urology,Mansoura,31.0409,31.3785,4.2,8,22
309,Dr. Sara Magdy,Ophthalmology,Mansoura,31.0409,31.3785,3.8,9,233
310,Dr. Salma Nabil,Psychiatry,Alexandria,31.2001,29.9187,4.8,19,75
311,Dr. Mai Nabil,ENT,Assiut,27.18,31.1837,4.9,25,182
312,Dr. Mona Lotfy,ENT,Ismailia,30.5965,32.2715,4.4,27,246
313,Dr. Heba Adel,Gynecology,Tanta,30.7865,31.0004,4.8,19,159
314,Dr. Laila Kamal,Ophthalmology,Mansoura,31.0409,31.3785,4.2,5,38
315,Dr. Noura Ali,Neurology,Tanta,30.7865,31.0004,4.9,23,234
316,Dr. Noura Mahmoud,Neurology,Tanta,30.7865,31.0004,4.5,6,77
317,Dr. Tamer Said,Pediatrics,Assiut,27.18,31.1837,4.8,18,44
318,Dr. Sara Hassan,Psychiatry,Fayoum,29.3084,30.8429,4.3,17,200
319,Dr. Sara Youssef,ENT,Tanta,30.7865,31.0004,3.9,24,88
320,Dr. Mai Hassan,Pediatrics,Tanta,30.7865,31.0004,4.0,30,159
321,Dr. Mohamed Youssef,Neurology,Cairo,30.0444,31.2357,3.7,28,31
322,Dr. Samir Nabil,Ophthalmology,Mansoura,31.0409,31.3785,4.1,29,53
323,Dr. Noura Hassan,Dermatology,Zagazig,30.5877,31.502,4.4,22,191
324,Dr. Tamer Adel,Pediatrics,Zagazig,30.5877,31.502,3.8,9,207
325,Dr. Noura Lotfy,Ophthalmology,Sohag,26.556,31.6948,3.9,13,92
326,Dr. Mona Adel,Gynecology,Cairo,30.0444,31.2357,4.3,15,90
327,Dr. Youssef Magdy,Psychiatry,Alexandria,31.2001,29.9187,4.3,13,109
328,Dr. Tamer Said,ENT,Alexandria,31.2001,29.9187,4.8,23,142
329,Dr. Noura Ali,Urology,Sohag,26.556,31.6948,4.7,22,160
330,Dr. Mostafa Mahmoud,Neurology,Mansoura,31.0409,31.3785,4.2,12,192
331,Dr. Youssef Nabil,Psychiatry,Tanta,30.7865,31.0004,4.1,17,122
332,Dr. Mostafa Lotfy,Psychiatry,Cairo,30.0444,31.2357,4.1,22,141
333,Dr. Mostafa Kamal,Ophthalmology,Fayoum,29.3084,30.8429,4.5,16,137
334,Dr. Tamer Nabil,Cardiology,Fayoum,29.3084,30.8429,4.6,22,32
335,Dr. Hala Said,ENT,Zagazig,30.5877,31.502,4.1,11,108
336,Dr. Mai Mahmoud,Ophthalmology,Mansoura,31.0409,31.3785,4.2,8,241
337,Dr. Laila Ali,Orthopedics,Cairo,30.0444,31.2357,3.9,9,165
338,Dr. Mona Hassan,Dermatology,Cairo,30.0444,31.2357,3.9,4,152
339,Dr. Mai Hassan,Neurology,Tanta,30.7865,31.0004,4.3,14,75
340,Dr. Laila Fathy,Orthopedics,Sohag,26.556,31.6948,4.0,6,229
341,Dr. Noura Nabil,ENT,Mansoura,31.0409,31.3785,3.7,22,201
342,Dr. Karim Samir,ENT,Sohag,26.556,31.6948,4.8,19,290
343,Dr. Sara Adel,Pediatrics,Ismailia,30.5965,32.2715,4.1,5,227
344,Dr. Samir Hassan,Pediatrics,Fayoum,29.3084,30.8429,4.2,24,25
345,Dr. Noura Ali,Orthopedics,Fayoum,29.3084,30.8429,3.9,17,79
346,Dr. Mostafa Lotfy,Psychiatry,Cairo,30.0444,31.2357,4.9,21,75
347,Dr. Hala Said,Psychiatry,Assiut,27.18,31.1837,4.6,3,163
348,Dr. Omar Said,Gynecology,Sohag,26.556,31.6948,4.8,8,20
349,Dr. Salma Ali,Ophthalmology,Mansoura,31.0409,31.3785,4.3,5,193
350,Dr. Salma Kamal,Urology,Cairo,30.0444,31.2357,5.0,23,231
351,Dr. Mostafa Lotfy,Ophthalmology,Alexandria,31.2001,29.9187,4.2,9,137
352,Dr. Youssef Youssef,Psychiatry,Ismailia,30.5965,32.2715,4.3,12,34
353,Dr. Youssef Said,ENT,Alexandria,31.2001,29.9187,4.4,24,106
354,Dr. Tamer Youssef,Urology,Fayoum,29.3084,30.8429,4.7,11,32
355,Dr. Heba Ali,ENT,Fayoum,29.3084,30.8429,4.5,30,207
356,Dr. Laila Ali,ENT,Zagazig,30.5877,31.502,3.9,25,210
357,Dr. Mona Magdy,Gynecology,Giza,30.0131,31.2089,3.6,28,20
358,Dr. Youssef Fathy,ENT,Giza,30.0131,31.2089,3.6,20,89
359,Dr. Mona Magdy,Orthopedics,Assiut,27.18,31.1837,5.0,23,119
360,Dr. Noura Fathy,Dermatology,Cairo,30.0444,31.2357,4.4,16,49
361,Dr. Laila Kamal,Gynecology,Ismailia,30.5965,32.2715,4.0,24,147
362,Dr. Noura Kamal,Cardiology,Zagazig,30.5877,31.502,5.0,21,203
363,Dr. Heba Samir,Neurology,Fayoum,29.3084,30.8429,4.1,10,268
364,Dr. Tamer Youssef,Neurology,Giza,30.0131,31.2089,3.5,13,151
365,Dr. Omar Mahmoud,Psychiatry,Tanta,30.7865,31.0004,4.2,22,248
366,Dr. Omar Nabil,Psychiatry,Tanta,30.7865,31.0004,4.4,5,237
367,Dr. Omar Kamal,Gynecology,Fayoum,29.3084,30.8429,3.6,7,105
368,Dr. Karim Kamal,ENT,Fayoum,29.3084,30.8429,3.9,16,137
369,Dr. Hala Said,Pediatrics,Sohag,26.556,31.6948,4.8,28,297
370,Dr. Tamer Mahmoud,Cardiology,Cairo,30.0444,31.2357,3.5,7,63
371,Dr. Laila Hassan,Pediatrics,Alexandria,31.2001,29.9187,3.5,12,255
372,Dr. Noura Samir,ENT,Cairo,30.0444,31.2357,3.6,4,269
373,Dr. Tamer Samir,Gynecology,Cairo,30.0444,31.2357,4.3,14,65
374,Dr. Mohamed Hassan,Psychiatry,Assiut,27.18,31.1837,3.6,23,155
375,Dr. Mona Youssef,Urology,Mansoura,31.0409,31.3785,4.6,17,289
376,Dr. Mai Adel,ENT,Assiut,27.18,31.1837,4.7,4,171
377,Dr. Mona Youssef,Dermatology,Giza,30.0131,31.2089,3.7,27,269
378,Dr. Samir Adel,Psychiatry,Mansoura,31.0409,31.3785,4.4,23,138
379,Dr. Omar Hassan,Orthopedics,Mansoura,31.0409,31.3785,4.9,27,37
380,Dr. Salma Youssef,Neurology,Ismailia,30.5965,32.2715,3.7,11,153
381,Dr. Hala Hassan,Cardiology,Sohag,26.556,31.6948,4.6,15,54
382,Dr. Hala Nabil,Cardiology,Cairo,30.0444,31.2357,3.7,21,202
383,Dr. Laila Fathy,ENT,Ismailia,30.5965,32.2715,4.0,11,245
384,Dr. Ahmed Kamal,Ophthalmology,Zagazig,30.5877,31.502,4.9,18,242
385,Dr. Hala Magdy,Neurology,Ismailia,30.5965,32.2715,4.7,3,80
386,Dr. Salma Hassan,ENT,Mansoura,31.0409,31.3785,4.6,23,107
387,Dr. Hala Lotfy,Psychiatry,Ismailia,30.5965,32.2715,4.3,29,265
388,Dr. Mohamed Said,Orthopedics,Tanta,30.7865,31.0004,4.0,30,42
389,Dr. Omar Nabil,Orthopedics,Alexandria,31.2001,29.9187,5.0,10,37
390,Dr. Tamer Nabil,Neurology,Fayoum,29.3084,30.8429,4.3,20,160
391,Dr. Mostafa Mahmoud,Gynecology,Giza,30.0131,31.2089,4.6,30,59
392,Dr. Laila Said,ENT,Cairo,30.0444,31.2357,4.5,4,241
393,Dr. Mohamed Ali,Orthopedics,Ismailia,30.5965,32.2715,4.4,18,203
394,Dr. Mai Mahmoud,Ophthalmology,Sohag,26.556,31.6948,3.7,12,72
395,Dr. Omar Fathy,Psychiatry,Giza,30.0131,31.2089,3.5,5,134
396,Dr. Mona Youssef,Dermatology,Fayoum,29.3084,30.8429,4.1,12,98
397,Dr. Sara Magdy,Orthopedics,Zagazig,30.5877,31.502,4.0,28,128
398,Dr. Youssef Nabil,ENT,Zagazig,30.5877,31.502,4.3,7,163
399,Dr. Youssef Ali,Neurology,Sohag,26.556,31.6948,4.2,21,94
400,Dr. Karim Said,Dermatology,Fayoum,29.3084,30.8429,4.0,20,109
401,Dr. Mohamed Kamal,Ophthalmology,Ismailia,30.5965,32.2715,4.5,19,164
402,Dr. Heba Fathy,Psychiatry,Alexandria,31.2001,29.9187,3.9,15,299
403,Dr. Salma Lotfy,Ophthalmology,Assiut,27.18,31.1837,3.6,29,158
404,Dr. Laila Youssef,Pediatrics,Fayoum,29.3084,30.8429,3.8,20,234
405,Dr. Omar Fathy,Pediatrics,Mansoura,31.0409,31.3785,3.6,24,169
406,Dr. Mai Nabil,Gynecology,Ismailia,30.5965,32.2715,4.2,9,298
407,Dr. Hala Mahmoud,Gynecology,Giza,30.0131,31.2089,4.1,14,41
408,Dr. Karim Samir,Ophthalmology,Fayoum,29.3084,30.8429,4.0,10,149
409,Dr. Laila Hassan,Cardiology,Ismailia,30.5965,32.2715,4.8,29,172
410,Dr. Karim Magdy,Dermatology,Fayoum,29.3084,30.8429,4.9,30,252
411,Dr. Karim Mahmoud,Orthopedics,Tanta,30.7865,31.0004,4.4,17,175
412,Dr. Mona Samir,Pediatrics,Zagazig,30.5877,31.502,4.0,10,254
413,Dr. Sara Hassan,Pediatrics,Sohag,26.556,31.6948,3.6,3,73
414,Dr. Karim Fathy,Neurology,Giza,30.0131,31.2089,5.0,13,99
415,Dr. Karim Lotfy,Orthopedics,Assiut,27.18,31.1837,3.5,25,143
416,Dr. Samir Mahmoud,Urology,Tanta,30.7865,31.0004,4.9,9,181
417,Dr. Samir Adel,Dermatology,Cairo,30.0444,31.2357,4.5,22,239
418,Dr. Laila Ali,ENT,Sohag,26.556,31.6948,4.5,23,285
419,Dr. Heba Ali,Psychiatry,Zagazig,30.5877,31.502,4.0,19,144
420,Dr. Sara Mahmoud,Gynecology,Assiut,27.18,31.1837,4.8,17,151
421,Dr. Samir Mahmoud,Psychiatry,Ismailia,30.5965,32.2715,4.1,10,251
422,Dr. Mona Said,Gynecology,Tanta,30.7865,31.0004,4.0,30,202
423,Dr. Sara Adel,Neurology,Sohag,26.556,31.6948,3.6,18,237
424,Dr. Tamer Nabil,Psychiatry,Sohag,26.556,31.6948,4.6,29,242
425,Dr. Sara Said,Pediatrics,Mansoura,31.0409,31.3785,4.2,16,144
426,Dr. Omar Youssef,Orthopedics,Ismailia,30.5965,32.2715,3.9,7,147
427,Dr. Ahmed Kamal,Ophthalmology,Ismailia,30.5965,32.2715,4.5,21,230
428,Dr. Hala Youssef,Cardiology,Sohag,26.556,31.6948,3.5,17,197
429,Dr. Mostafa Lotfy,ENT,Zagazig,30.5877,31.502,3.7,29,35
430,Dr. Karim Hassan,Dermatology,Assiut,27.18,31.1837,4.3,23,214
431,Dr. Omar Lotfy,Orthopedics,Tanta,30.7865,31.0004,3.5,13,271
432,Dr. Samir Lotfy,Pediatrics,Tanta,30.7865,31.0004,3.6,15,223
433,Dr. Salma Lotfy,Ophthalmology,Fayoum,29.3084,30.8429,4.4,6,230
434,Dr. Youssef Nabil,ENT,Cairo,30.0444,31.2357,3.7,15,21
435,Dr. Ahmed Samir,Urology,Giza,30.0131,31.2089,4.9,12,222
436,Dr. Karim Adel,Pediatrics,Sohag,26.556,31.6948,3.7,15,59
437,Dr. Karim Said,ENT,Fayoum,29.3084,30.8429,3.8,17,194
438,Dr. Mai Magdy,Pediatrics,Giza,30.0131,31.2089,4.6,5,253
439,Dr. Hala Adel,Dermatology,Giza,30.0131,31.2089,4.1,22,258
440,Dr. Hala Samir,Dermatology,Fayoum,29.3084,30.8429,4.5,5,264
441,Dr. Noura Lotfy,Cardiology,Cairo,30.0444,31.2357,3.6,22,145
442,Dr. Mostafa Kamal,Gynecology,Sohag,26.556,31.6948,5.0,18,271
443,Dr. Tamer Magdy,Urology,Giza,30.0131,31.2089,4.5,15,125
444,Dr. Sara Hassan,Gynecology,Ismailia,30.5965,32.2715,4.1,6,75
445,Dr. Mona Kamal,Gynecology,Tanta,30.7865,31.0004,4.7,5,258
446,Dr. Samir Samir,Psychiatry,Assiut,27.18,31.1837,3.6,20,231
447,Dr. Omar Adel,Ophthalmology,Giza,30.0131,31.2089,3.8,24,150
448,Dr. Ahmed Said,Ophthalmology,Assiut,27.18,31.1837,4.2,17,160
449,Dr. Mostafa Fathy,Cardiology,Zagazig,30.5877,31.502,4.5,28,200
450,Dr. Tamer Nabil,Neurology,Zagazig,30.5877,31.502,4.3,27,155
451,Dr. Omar Kamal,Urology,Mansoura,31.0409,31.3785,4.6,17,136
452,Dr. Salma Youssef,Psychiatry,Cairo,30.0444,31.2357,4.6,21,255
453,Dr. Samir Kamal,ENT,Cairo,30.0444,31.2357,4.3,5,294
454,Dr. Mostafa Nabil,Pediatrics,Alexandria,31.2001,29.9187,4.4,27,283
455,Dr. Tamer Nabil,Pediatrics,Tanta,30.7865,31.0004,3.9,4,50
456,Dr. Heba Adel,Cardiology,Fayoum,29.3084,30.8429,4.2,16,121
457,Dr. Noura Hassan,ENT,Alexandria,31.2001,29.9187,4.0,15,42
458,Dr. Mohamed Youssef,Dermatology,Fayoum,29.3084,30.8429,4.1,18,182
459,Dr. Youssef Magdy,Neurology,Sohag,26.556,31.6948,4.2,16,122
460,Dr. Karim Adel,Psychiatry,Sohag,26.556,31.6948,3.6,26,202
461,Dr. Mai Youssef,Orthopedics,Ismailia,30.5965,32.2715,3.7,17,138
462,Dr. Noura Said,Dermatology,Assiut,27.18,31.1837,4.1,21,122
463,Dr. Mai Mahmoud,Gynecology,Sohag,26.556,31.6948,4.1,3,227
464,Dr. Mohamed Ali,Dermatology,Tanta,30.7865,31.0004,4.3,12,54
465,Dr. Sara Magdy,Neurology,Zagazig,30.5877,31.502,4.9,18,214
466,Dr. Youssef Lotfy,Pediatrics,Ismailia,30.5965,32.2715,4.4,17,198
467,Dr. Sara Lotfy,Psychiatry,Alexandria,31.2001,29.9187,4.3,18,87
468,Dr. Mostafa Magdy,Psychiatry,Cairo,30.0444,31.2357,4.2,24,77
469,Dr. Sara Hassan,Orthopedics,Ismailia,30.5965,32.2715,3.9,30,53
470,Dr. Mostafa Lotfy,Cardiology,Tanta,30.7865,31.0004,4.2,5,285
471,Dr. Sara Youssef,Psychiatry,Cairo,30.0444,31.2357,3.9,26,97
472,Dr. Noura Mahmoud,Gynecology,Alexandria,31.2001,29.9187,3.6,11,167
473,Dr. Laila Ali,Psychiatry,Assiut,27.18,31.1837,4.8,26,40
474,Dr. Mona Hassan,Gynecology,Ismailia,30.5965,32.2715,4.8,11,55
475,Dr. Noura Samir,ENT,Tanta,30.7865,31.0004,4.6,5,94
476,Dr. Youssef Kamal,Cardiology,Ismailia,30.5965,32.2715,3.6,28,223
477,Dr. Noura Lotfy,Ophthalmology,Cairo,30.0444,31.2357,4.7,30,268
478,Dr. Omar Magdy,Urology,Zagazig,30.5877,31.502,4.3,18,23
479,Dr. Mai Mahmoud,Psychiatry,Mansoura,31.0409,31.3785,4.2,6,38
480,Dr. Noura Hassan,ENT,Assiut,27.18,31.1837,3.8,21,243
481,Dr. Youssef Youssef,Neurology,Fayoum,29.3084,30.8429,3.7,16,169
482,Dr. Laila Fathy,Cardiology,Cairo,30.0444,31.2357,4.2,29,299
483,Dr. Laila Said,Neurology,Sohag,26.556,31.6948,4.6,17,118
484,Dr. Samir Fathy,Orthopedics,Zagazig,30.5877,31.502,5.0,15,75
485,Dr. Mohamed Mahmoud,Orthopedics,Ismailia,30.5965,32.2715,4.9,11,49
486,Dr. Karim Nabil,ENT,Giza,30.0131,31.2089,4.8,5,66
487,Dr. Mai Mahmoud,Urology,Fayoum,29.3084,30.8429,3.5,25,205
488,Dr. Tamer Youssef,Cardiology,Cairo,30.0444,31.2357,4.9,23,178
489,Dr. Karim Said,Cardiology,Fayoum,29.3084,30.8429,3.6,21,209
490,Dr. Mostafa Said,Neurology,Cairo,30.0444,31.2357,4.2,23,135
491,Dr. Omar Lotfy,Psychiatry,Fayoum,29.3084,30.8429,5.0,16,188
492,Dr. Samir Hassan,Neurology,Assiut,27.18,31.1837,3.6,20,296
493,Dr. Laila Nabil,Neurology,Sohag,26.556,31.6948,4.5,9,134
494,Dr. Mohamed Youssef,Dermatology,Mansoura,31.0409,31.3785,4.0,20,127
495,Dr. Tamer Kamal,Pediatrics,Cairo,30.0444,31.2357,3.9,16,77
496,Dr. Salma Ali,Gynecology,Mansoura,31.0409,31.3785,5.0,4,48
497,Dr. Mai Lotfy,Orthopedics,Assiut,27.18,31.1837,3.6,12,188
498,Dr. Ahmed Hassan,Neurology,Alexandria,31.2001,29.9187,4.2,28,263
499,Dr. Omar Youssef,Neurology,Ismailia,30.5965,32.2715,4.4,6,244
500,Dr. Samir Hassan,Neurology,Assiut,27.18,31.1837,4.3,5,44
501,Dr. Noura Lotfy,Dermatology,Alexandria,31.2001,29.9187,4.8,15,59
502,Dr. Laila Fathy,Neurology,Cairo,30.0444,31.2357,4.9,17,269
503,Dr. Omar Youssef,Neurology,Assiut,27.18,31.1837,4.6,27,49
504,Dr. Salma Kamal,Orthopedics,Giza,30.0131,31.2089,4.4,12,260
505,Dr. Mohamed Youssef,Psychiatry,Mansoura,31.0409,31.3785,4.7,5,229
506,Dr. Heba Hassan,Neurology,Tanta,30.7865,31.0004,4.4,9,259
507,Dr. Salma Fathy,Dermatology,Alexandria,31.2001,29.9187,3.5,6,40
508,Dr. Hala Ali,Orthopedics,Alexandria,31.2001,29.9187,3.6,11,29
509,Dr. Omar Lotfy,Gynecology,Mansoura,31.0409,31.3785,4.5,24,208
510,Dr. Laila Adel,Dermatology,Mansoura,31.0409,31.3785,4.2,7,52
511,Dr. Karim Ali,Neurology,Cairo,30.0444,31.2357,3.9,21,25
512,Dr. Samir Mahmoud,Pediatrics,Alexandria,31.2001,29.9187,3.7,11,269
513,Dr. Salma Magdy,Gynecology,Assiut,27.18,31.1837,4.7,13,280
514,Dr. Tamer Magdy,Dermatology,Tanta,30.7865,31.0004,3.6,4,216
515,Dr. Mostafa Lotfy,Neurology,Giza,30.0131,31.2089,4.3,4,77
516,Dr. Youssef Adel,Psychiatry,Mansoura,31.0409,31.3785,5.0,19,287
517,Dr. Mostafa Ali,Orthopedics,Alexandria,31.2001,29.9187,4.8,28,53
518,Dr. Noura Adel,Gynecology,Zagazig,30.5877,31.502,4.9,13,47
519,Dr. Youssef Ali,Urology,Fayoum,29.3084,30.8429,4.4,18,173
520,Dr. Salma Magdy,Neurology,Assiut,27.18,31.1837,4.8,26,211
521,Dr. Karim Adel,Psychiatry,Cairo,30.0444,31.2357,4.4,20,255
522,Dr. Salma Nabil,Orthopedics,Giza,30.0131,31.2089,4.2,29,264
523,Dr. Youssef Youssef,Psychiatry,Giza,30.0131,31.2089,4.4,23,68
524,Dr. Mostafa Magdy,Psychiatry,Sohag,26.556,31.6948,4.1,27,111
525,Dr. Tamer Nabil,ENT,Fayoum,29.3084,30.8429,4.3,12,175
526,Dr. Karim Ali,Gynecology,Fayoum,29.3084,30.8429,4.3,6,108
527,Dr. Ahmed Kamal,Neurology,Ismailia,30.5965,32.2715,4.9,11,21
528,Dr. Salma Ali,Psychiatry,Assiut,27.18,31.1837,3.5,18,246
529,Dr. Sara Samir,Cardiology,Mansoura,31.0409,31.3785,4.9,7,285
530,Dr. Mona Kamal,Neurology,Ismailia,30.5965,32.2715,4.6,8,179
531,Dr. Noura Hassan,ENT,Mansoura,31.0409,31.3785,4.2,26,291
532,Dr. Noura Samir,Orthopedics,Zagazig,30.5877,31.502,4.5,20,78
533,Dr. Mona Fathy,Dermatology,Mansoura,31.0409,31.3785,4.0,25,79
534,Dr. Ahmed Mahmoud,Dermatology,Ismailia,30.5965,32.2715,4.8,5,61
535,Dr. Heba Said,Pediatrics,Cairo,30.0444,31.2357,3.9,18,91
536,Dr. Tamer Fathy,Psychiatry,Zagazig,30.5877,31.502,3.7,26,27
537,Dr. Tamer Lotfy,Gynecology,Tanta,30.7865,31.0004,4.6,21,267
538,Dr. Laila Youssef,Urology,Ismailia,30.5965,32.2715,4.2,30,151
539,Dr. Omar Youssef,Pediatrics,Cairo,30.0444,31.2357,3.9,6,21
540,Dr. Salma Nabil,Urology,Mansoura,31.0409,31.3785,5.0,25,208
541,Dr. Mona Ali,Urology,Tanta,30.7865,31.0004,3.7,4,244
542,Dr. Salma Samir,Cardiology,Fayoum,29.3084,30.8429,4.6,28,24
543,Dr. Mohamed Said,Gynecology,Cairo,30.0444,31.2357,4.5,20,250
544,Dr. Mai Nabil,Gynecology,Tanta,30.7865,31.0004,4.7,13,39
545,Dr. Youssef Youssef,Gynecology,Ismailia,30.5965,32.2715,4.3,29,47
546,Dr. Tamer Lotfy,ENT,Sohag,26.556,31.6948,4.8,29,260
547,Dr. Hala Hassan,Pediatrics,Zagazig,30.5877,31.502,4.8,25,229
548,Dr. Noura Magdy,Psychiatry,Alexandria,31.2001,29.9187,4.5,8,237
549,Dr. Laila Youssef,Psychiatry,Zagazig,30.5877,31.502,3.6,11,71
550,Dr. Karim Samir,Psychiatry,Cairo,30.0444,31.2357,3.8,14,220
551,Dr. Samir Fathy,Urology,Sohag,26.556,31.6948,3.7,13,227
552,Dr. Laila Ali,Pediatrics,Fayoum,29.3084,30.8429,4.7,14,213
553,Dr. Sara Magdy,Orthopedics,Assiut,27.18,31.1837,3.9,24,253
554,Dr. Karim Lotfy,Gynecology,Mansoura,31.0409,31.3785,3.8,24,196
555,Dr. Sara Said,Ophthalmology,Ismailia,30.5965,32.2715,4.4,3,164
556,Dr. Mostafa Youssef,Orthopedics,Assiut,27.18,31.1837,3.6,12,95
557,Dr. Tamer Ali,Orthopedics,Mansoura,31.0409,31.3785,3.7,17,130
558,Dr. Heba Nabil,Pediatrics,Tanta,30.7865,31.0004,4.4,18,123
559,Dr. Laila Fathy,Neurology,Alexandria,31.2001,29.9187,4.8,25,25
560,Dr. Heba Magdy,Cardiology,Assiut,27.18,31.1837,4.8,11,102
561,Dr. Ahmed Ali,Gynecology,Giza,30.0131,31.2089,4.8,29,60
562,Dr. Laila Samir,Urology,Giza,30.0131,31.2089,4.4,10,187
563,Dr. Salma Kamal,Cardiology,Assiut,27.18,31.1837,4.2,21,174
564,Dr. Heba Said,Dermatology,Fayoum,29.3084,30.8429,3.9,25,58
565,Dr. Laila Samir,Cardiology,Sohag,26.556,31.6948,4.2,14,120
566,Dr. Samir Youssef,Dermatology,Cairo,30.0444,31.2357,4.6,13,143
567,Dr. Salma Lotfy,Gynecology,Ismailia,30.5965,32.2715,4.6,7,208
568,Dr. Samir Samir,Neurology,Mansoura,31.0409,31.3785,4.7,27,22
569,Dr. Ahmed Adel,Ophthalmology,Cairo,30.0444,31.2357,4.2,8,109
570,Dr. Hala Nabil,Psychiatry,Sohag,26.556,31.6948,4.1,27,299
571,Dr. Mona Samir,Pediatrics,Ismailia,30.5965,32.2715,4.9,22,32
572,Dr. Mona Ali,Orthopedics,Sohag,26.556,31.6948,4.0,11,79
573,Dr. Laila Adel,Ophthalmology,Cairo,30.0444,31.2357,4.4,5,278
574,Dr. Heba Hassan,Neurology,Mansoura,31.0409,31.3785,3.9,13,245
575,Dr. Sara Hassan,Neurology,Tanta,30.7865,31.0004,4.9,16,256
576,Dr. Heba Fathy,Gynecology,Ismailia,30.5965,32.2715,3.5,7,181
577,Dr. Mai Samir,Urology,Giza,30.0131,31.2089,4.7,12,197
578,Dr. Mostafa Mahmoud,ENT,Assiut,27.18,31.1837,4.2,18,171
579,Dr. Tamer Ali,Cardiology,Alexandria,31.2001,29.9187,4.0,7,34
580,Dr. Mai Said,Neurology,Sohag,26.556,31.6948,4.4,21,164
581,Dr. Laila Magdy,Cardiology,Alexandria,31.2001,29.9187,4.3,13,261
582,Dr. Omar Lotfy,Dermatology,Fayoum,29.3084,30.8429,4.8,21,113
583,Dr. Youssef Ali,Dermatology,Sohag,26.556,31.6948,5.0,16,67
584,Dr. Sara Nabil,Ophthalmology,Sohag,26.556,31.6948,4.1,12,59
585,Dr. Hala Samir,Neurology,Ismailia,30.5965,32.2715,3.9,17,167
586,Dr. Mostafa Youssef,Ophthalmology,Sohag,26.556,31.6948,4.3,9,129
587,Dr. Hala Hassan,Neurology,Giza,30.0131,31.2089,3.5,26,218
588,Dr. Omar Samir,Pediatrics,Mansoura,31.0409,31.3785,4.0,7,227
589,Dr. Sara Samir,Gynecology,Sohag,26.556,31.6948,3.9,16,180
590,Dr. Karim Kamal,Gynecology,Cairo,30.0444,31.2357,4.1,30,45
591,Dr. Noura Mahmoud,Pediatrics,Assiut,27.18,31.1837,3.6,11,152
592,Dr. Noura Hassan,Orthopedics,Giza,30.0131,31.2089,4.5,20,165
593,Dr. Heba Hassan,Psychiatry,Cairo,30.0444,31.2357,3.8,28,192
594,Dr. Omar Ali,Psychiatry,Fayoum,29.3084,30.8429,3.5,24,105
595,Dr. Mai Said,Ophthalmology,Sohag,26.556,31.6948,4.1,28,260
596,Dr. Laila Samir,Cardiology,Ismailia,30.5965,32.2715,3.5,14,186
597,Dr. Mostafa Ali,Orthopedics,Alexandria,31.2001,29.9187,3.5,14,78
598,Dr. Mohamed Lotfy,ENT,Tanta,30.7865,31.0004,3.8,15,81
599,Dr. Karim Ali,Psychiatry,Sohag,26.556,31.6948,3.5,30,91
600,Dr. Mai Said,Ophthalmology,Cairo,30.0444,31.2357,4.7,11,202
601,Dr. Omar Samir,Urology,Tanta,30.7865,31.0004,4.2,5,280
602,Dr. Salma Samir,Orthopedics,Assiut,27.18,31.1837,3.6,24,24
603,Dr. Laila Adel,Pediatrics,Assiut,27.18,31.1837,4.7,15,66
604,Dr. Mostafa Nabil,Cardiology,Zagazig,30.5877,31.502,4.6,27,204
605,Dr. Heba Said,Gynecology,Mansoura,31.0409,31.3785,4.1,25,31
606,Dr. Salma Magdy,Psychiatry,Assiut,27.18,31.1837,4.8,14,34
607,Dr. Noura Mahmoud,Neurology,Fayoum,29.3084,30.8429,4.6,6,67
608,Dr. Salma Mahmoud,Psychiatry,Sohag,26.556,31.6948,4.7,13,51
609,Dr. Mai Ali,Gynecology,Fayoum,29.3084,30.8429,4.1,3,233
610,Dr. Samir Said,Cardiology,Giza,30.0131,31.2089,4.8,25,208
611,Dr. Mona Youssef,Orthopedics,Zagazig,30.5877,31.502,4.7,6,260
612,Dr. Hala Said,Neurology,Giza,30.0131,31.2089,4.6,19,86
613,Dr. Mona Lotfy,Cardiology,Sohag,26.556,31.6948,4.7,17,174
614,Dr. Tamer Adel,Psychiatry,Mansoura,31.0409,31.3785,4.4,17,78
615,Dr. Sara Magdy,Urology,Alexandria,31.2001,29.9187,4.8,21,93
616,Dr. Laila Hassan,Ophthalmology,Fayoum,29.3084,30.8429,4.4,10,116
617,Dr. Mohamed Youssef,ENT,Assiut,27.18,31.1837,4.0,16,36
618,Dr. Mona Said,Pediatrics,Mansoura,31.0409,31.3785,3.5,15,294
619,Dr. Mona Lotfy,Gynecology,Ismailia,30.5965,32.2715,4.9,10,209
620,Dr. Mostafa Samir,Orthopedics,Tanta,30.7865,31.0004,3.5,14,296
621,Dr. Heba Kamal,Dermatology,Cairo,30.0444,31.2357,3.6,13,63
622,Dr. Mohamed Adel,ENT,Fayoum,29.3084,30.8429,4.3,10,178
623,Dr. Mohamed Adel,Psychiatry,Mansoura,31.0409,31.3785,4.0,29,238
624,Dr. Samir Samir,Gynecology,Zagazig,30.5877,31.502,4.9,6,148
625,Dr. Mona Hassan,ENT,Giza,30.0131,31.2089,4.9,24,188
626,Dr. Mai Youssef,Psychiatry,Alexandria,31.2001,29.9187,3.6,12,87
627,Dr. Samir Magdy,Gynecology,Alexandria,31.2001,29.9187,3.8,16,226
628,Dr. Noura Fathy,Gynecology,Assiut,27.18,31.1837,4.4,15,203
629,Dr. Youssef Ali,Dermatology,Giza,30.0131,31.2089,5.0,12,277
630,Dr. Mohamed Samir,Cardiology,Fayoum,29.3084,30.8429,4.6,11,261
631,Dr. Tamer Mahmoud,Urology,Fayoum,29.3084,30.8429,4.3,28,102
632,Dr. Youssef Magdy,Psychiatry,Assiut,27.18,31.1837,4.7,4,240
633,Dr. Mostafa Hassan,Ophthalmology,Assiut,27.18,31.1837,4.6,4,39
634,Dr. Salma Adel,Orthopedics,Tanta,30.7865,31.0004,3.9,5,282
635,Dr. Tamer Hassan,Orthopedics,Ismailia,30.5965,32.2715,4.5,24,90
636,Dr. Noura Said,Cardiology,Zagazig,30.5877,31.502,4.0,6,253
637,Dr. Mona Lotfy,Neurology,Sohag,26.556,31.6948,4.8,19,195
638,Dr. Laila Said,Dermatology,Zagazig,30.5877,31.502,4.6,29,300
639,Dr. Tamer Adel,Neurology,Giza,30.0131,31.2089,4.8,12,208
640,Dr. Heba Said,Neurology,Alexandria,31.2001,29.9187,4.6,8,117
641,Dr. Mona Lotfy,Neurology,Zagazig,30.5877,31.502,4.5,10,221
642,Dr. Youssef Lotfy,Gynecology,Assiut,27.18,31.1837,3.8,24,282
643,Dr. Salma Samir,ENT,Mansoura,31.0409,31.3785,4.4,3,157
644,Dr. Samir Magdy,Cardiology,Ismailia,30.5965,32.2715,4.8,3,208
645,Dr. Karim Adel,Pediatrics,Mansoura,31.0409,31.3785,4.6,27,141
646,Dr. Mona Lotfy,Psychiatry,Sohag,26.556,31.6948,3.7,13,236
647,Dr. Mai Magdy,Cardiology,Alexandria,31.2001,29.9187,4.9,25,89
648,Dr. Salma Said,Urology,Assiut,27.18,31.1837,3.9,28,45
649,Dr. Ahmed Mahmoud,Neurology,Mansoura,31.0409,31.3785,4.9,7,126
650,Dr. Omar Samir,ENT,Giza,30.0131,31.2089,3.7,14,123
651,Dr. Salma Fathy,Orthopedics,Zagazig,30.5877,31.502,4.0,21,128
652,Dr. Hala Samir,Cardiology,Mansoura,31.0409,31.3785,4.0,3,248
653,Dr. Mai Fathy,Ophthalmology,Giza,30.0131,31.2089,4.7,24,195
654,Dr. Salma Mahmoud,Psychiatry,Assiut,27.18,31.1837,3.6,9,180
655,Dr. Laila Hassan,Pediatrics,Ismailia,30.5965,32.2715,4.9,15,208
656,Dr. Mona Hassan,Psychiatry,Assiut,27.18,31.1837,3.6,20,205
657,Dr. Mai Samir,Ophthalmology,Alexandria,31.2001,29.9187,4.0,13,135
658,Dr. Samir Mahmoud,Urology,Sohag,26.556,31.6948,3.9,18,170
659,Dr. Hala Hassan,Cardiology,Mansoura,31.0409,31.3785,4.2,11,102
660,Dr. Mai Magdy,Orthopedics,Assiut,27.18,31.1837,5.0,22,33
661,Dr. Heba Ali,Orthopedics,Mansoura,31.0409,31.3785,4.1,10,182
662,Dr. Youssef Mahmoud,Cardiology,Mansoura,31.0409,31.3785,3.5,20,94
663,Dr. Ahmed Youssef,Urology,Cairo,30.0444,31.2357,3.6,11,91
664,Dr. Laila Magdy,Psychiatry,Zagazig,30.5877,31.502,3.5,25,62
665,Dr. Noura Fathy,Urology,Fayoum,29.3084,30.8429,4.2,23,155
666,Dr. Karim Fathy,Cardiology,Ismailia,30.5965,32.2715,4.8,27,213
667,Dr. Karim Hassan,Neurology,Tanta,30.7865,31.0004,4.1,20,238
668,Dr. Laila Fathy,Gynecology,Ismailia,30.5965,32.2715,4.5,26,282
669,Dr. Mohamed Lotfy,Pediatrics,Fayoum,29.3084,30.8429,4.0,14,248
670,Dr. Mohamed Youssef,Cardiology,Cairo,30.0444,31.2357,4.5,25,232
671,Dr. Mai Adel,Neurology,Sohag,26.556,31.6948,3.7,27,36
672,Dr. Sara Kamal,Pediatrics,Cairo,30.0444,31.2357,4.7,9,196
673,Dr. Laila Lotfy,Gynecology,Cairo,30.0444,31.2357,3.7,30,176
674,Dr. Omar Kamal,Dermatology,Alexandria,31.2001,29.9187,4.4,16,191
675,Dr. Hala Kamal,Gynecology,Assiut,27.18,31.1837,4.9,24,126
676,Dr. Hala Ali,Urology,Alexandria,31.2001,29.9187,4.3,29,174
677,Dr. Mona Ali,Psychiatry,Ismailia,30.5965,32.2715,4.5,25,140
678,Dr. Heba Youssef,Gynecology,Sohag,26.556,31.6948,3.6,18,85
679,Dr. Sara Hassan,Neurology,Alexandria,31.2001,29.9187,4.4,4,107
680,Dr. Heba Hassan,Urology,Fayoum,29.3084,30.8429,4.1,6,161
681,Dr. Sara Magdy,Urology,Cairo,30.0444,31.2357,4.7,26,235
682,Dr. Omar Ali,Neurology,Fayoum,29.3084,30.8429,4.3,29,71
683,Dr. Samir Kamal,Neurology,Fayoum,29.3084,30.8429,3.9,29,20
684,Dr. Mohamed Mahmoud,Dermatology,Fayoum,29.3084,30.8429,4.2,14,184
685,Dr. Karim Adel,Dermatology,Sohag,26.556,31.6948,4.3,28,247
686,Dr. Tamer Samir,ENT,Tanta,30.7865,31.0004,4.9,17,274
687,Dr. Tamer Kamal,Ophthalmology,Sohag,26.556,31.6948,4.8,28,26
688,Dr. Mona Ali,Psychiatry,Sohag,26.556,31.6948,4.3,11,142
689,Dr. Ahmed Kamal,Orthopedics,Zagazig,30.5877,31.502,5.0,21,254
690,Dr. Heba Ali,Gynecology,Tanta,30.7865,31.0004,3.6,14,295
691,Dr. Laila Kamal,Urology,Giza,30.0131,31.2089,4.1,11,123
692,Dr. Samir Lotfy,Dermatology,Ismailia,30.5965,32.2715,4.1,23,201
693,Dr. Ahmed Fathy,Psychiatry,Assiut,27.18,31.1837,4.8,13,176
694,Dr. Laila Magdy,Urology,Fayoum,29.3084,30.8429,4.0,13,44
695,Dr. Karim Nabil,Dermatology,Sohag,26.556,31.6948,3.8,10,95
696,Dr. Omar Fathy,Cardiology,Assiut,27.18,31.1837,5.0,6,137
697,Dr. Salma Said,Dermatology,Ismailia,30.5965,32.2715,3.7,18,235
698,Dr. Karim Mahmoud,Gynecology,Cairo,30.0444,31.2357,5.0,12,110
699,Dr. Hala Kamal,Cardiology,Sohag,26.556,31.6948,3.9,22,130
700,Dr. Hala Magdy,ENT,Ismailia,30.5965,32.2715,4.0,8,30
701,Dr. Omar Lotfy,Orthopedics,Assiut,27.18,31.1837,3.5,14,52
702,Dr. Mai Fathy,Cardiology,Assiut,27.18,31.1837,4.5,23,249
703,Dr. Salma Nabil,Urology,Zagazig,30.5877,31.502,3.6,23,264
704,Dr. Samir Hassan,Cardiology,Zagazig,30.5877,31.502,4.3,25,199
705,Dr. Laila Adel,Urology,Assiut,27.18,31.1837,4.7,22,81
706,Dr. Ahmed Fathy,Dermatology,Cairo,30.0444,31.2357,4.9,26,245
707,Dr. Salma Samir,Pediatrics,Sohag,26.556,31.6948,3.7,17,280
708,Dr. Laila Ali,Dermatology,Mansoura,31.0409,31.3785,4.3,13,113
709,Dr. Samir Magdy,ENT,Cairo,30.0444,31.2357,4.7,24,74
710,Dr. Ahmed Nabil,Pediatrics,Cairo,30.0444,31.2357,3.9,7,49
711,Dr. Mai Magdy,Urology,Ismailia,30.5965,32.2715,3.7,19,242
712,Dr. Youssef Kamal,Urology,Zagazig,30.5877,31.502,3.7,13,247
713,Dr. Youssef Lotfy,ENT,Tanta,30.7865,31.0004,3.6,16,83
714,Dr. Mona Adel,Gynecology,Sohag,26.556,31.6948,3.7,22,169
715,Dr. Samir Ali,Urology,Giza,30.0131,31.2089,4.9,17,298
716,Dr. Ahmed Samir,Cardiology,Fayoum,29.3084,30.8429,3.5,21,241
717,Dr. Sara Said,Dermatology,Giza,30.0131,31.2089,3.5,30,248
718,Dr. Laila Kamal,Cardiology,Fayoum,29.3084,30.8429,4.5,26,74
719,Dr. Sara Fathy,ENT,Ismailia,30.5965,32.2715,3.7,13,117
720,Dr. Heba Samir,Psychiatry,Giza,30.0131,31.2089,4.8,11,206
721,Dr. Laila Samir,Gynecology,Fayoum,29.3084,30.8429,4.7,9,85
722,Dr. Noura Youssef,ENT,Mansoura,31.0409,31.3785,3.6,24,284
723,Dr. Hala Lotfy,Pediatrics,Giza,30.0131,31.2089,4.7,21,188
724,Dr. Laila Adel,Psychiatry,Ismailia,30.5965,32.2715,4.0,25,201
725,Dr. Salma Said,Urology,Ismailia,30.5965,32.2715,4.4,8,131
726,Dr. Mohamed Mahmoud,Ophthalmology,Zagazig,30.5877,31.502,4.8,12,185
727,Dr. Salma Nabil,Psychiatry,Ismailia,30.5965,32.2715,4.9,30,136
728,Dr. Noura Nabil,ENT,Zagazig,30.5877,31.502,4.7,30,56
729,Dr. Mai Adel,Urology,Tanta,30.7865,31.0004,3.9,18,231
730,Dr. Sara Kamal,Urology,Fayoum,29.3084,30.8429,4.6,15,251
731,Dr. Mona Mahmoud,Orthopedics,Fayoum,29.3084,30.8429,4.9,30,65
732,Dr. Youssef Hassan,Orthopedics,Tanta,30.7865,31.0004,3.9,13,290
733,Dr. Heba Adel,ENT,Ismailia,30.5965,32.2715,4.5,30,29
734,Dr. Heba Nabil,Cardiology,Zagazig,30.5877,31.502,3.8,23,165
735,Dr. Youssef Ali,Ophthalmology,Fayoum,29.3084,30.8429,3.5,6,267
736,Dr. Heba Ali,Cardiology,Zagazig,30.5877,31.502,4.9,7,81
737,Dr. Salma Adel,Pediatrics,Alexandria,31.2001,29.9187,3.9,6,204
738,Dr. Sara Magdy,Pediatrics,Fayoum,29.3084,30.8429,4.3,5,69
739,Dr. Hala Lotfy,Cardiology,Zagazig,30.5877,31.502,3.9,21,246
740,Dr. Ahmed Magdy,Psychiatry,Tanta,30.7865,31.0004,4.1,21,128
741,Dr. Salma Youssef,Psychiatry,Ismailia,30.5965,32.2715,4.3,13,134
742,Dr. Youssef Said,Cardiology,Alexandria,31.2001,29.9187,3.9,6,138
743,Dr. Noura Kamal,Psychiatry,Ismailia,30.5965,32.2715,3.8,13,49
744,Dr. Hala Mahmoud,Urology,Assiut,27.18,31.1837,3.8,24,286
745,Dr. Youssef Hassan,Neurology,Alexandria,31.2001,29.9187,3.8,16,265
746,Dr. Karim Kamal,Gynecology,Fayoum,29.3084,30.8429,3.5,10,295
747,Dr. Salma Adel,Psychiatry,Ismailia,30.5965,32.2715,4.0,13,277
748,Dr. Karim Youssef,Gynecology,Zagazig,30.5877,31.502,4.4,27,207
749,Dr. Mostafa Lotfy,Dermatology,Zagazig,30.5877,31.502,4.5,8,246
750,Dr. Mai Adel,Gynecology,Cairo,30.0444,31.2357,4.6,28,48
751,Dr. Mostafa Lotfy,Orthopedics,Mansoura,31.0409,31.3785,4.7,19,120
752,Dr. Hala Said,Orthopedics,Tanta,30.7865,31.0004,3.7,19,57
753,Dr. Mona Lotfy,Orthopedics,Fayoum,29.3084,30.8429,4.1,19,218
754,Dr. Youssef Fathy,Urology,Giza,30.0131,31.2089,4.5,26,299
755,Dr. Samir Hassan,Cardiology,Sohag,26.556,31.6948,4.0,18,284
756,Dr. Salma Magdy,Cardiology,Giza,30.0131,31.2089,4.8,4,42
757,Dr. Mohamed Magdy,Psychiatry,Alexandria,31.2001,29.9187,3.9,7,48
758,Dr. Youssef Mahmoud,Orthopedics,Fayoum,29.3084,30.8429,4.3,5,151
759,Dr. Laila Youssef,ENT,Sohag,26.556,31.6948,4.3,7,170
760,Dr. Karim Lotfy,Pediatrics,Zagazig,30.5877,31.502,4.6,3,188
761,Dr. Mohamed Lotfy,Cardiology,Sohag,26.556,31.6948,4.9,24,298
762,Dr. Tamer Magdy,Dermatology,Sohag,26.556,31.6948,4.2,6,75
763,Dr. Sara Fathy,Cardiology,Ismailia,30.5965,32.2715,3.8,4,211
764,Dr. Heba Said,Orthopedics,Zagazig,30.5877,31.502,4.9,6,121
765,Dr. Salma Mahmoud,Ophthalmology,Ismailia,30.5965,32.2715,4.8,23,184
766,Dr. Heba Mahmoud,Neurology,Sohag,26.556,31.6948,4.2,20,276
767,Dr. Noura Said,Urology,Giza,30.0131,31.2089,4.2,16,63
768,Dr. Noura Lotfy,ENT,Assiut,27.18,31.1837,4.2,14,43
769,Dr. Noura Adel,Neurology,Fayoum,29.3084,30.8429,4.8,10,61
770,Dr. Omar Mahmoud,Dermatology,Cairo,30.0444,31.2357,3.6,17,102
771,Dr. Mona Hassan,Urology,Giza,30.0131,31.2089,3.6,21,157
772,Dr. Ahmed Hassan,Urology,Tanta,30.7865,31.0004,4.5,24,104
773,Dr. Hala Kamal,Neurology,Zagazig,30.5877,31.502,4.8,8,273
774,Dr. Mostafa Fathy,Pediatrics,Ismailia,30.5965,32.2715,3.8,29,155
775,Dr. Noura Adel,Cardiology,Zagazig,30.5877,31.502,3.9,24,142
776,Dr. Mohamed Youssef,Cardiology,Tanta,30.7865,31.0004,4.0,18,194
777,Dr. Ahmed Youssef,Gynecology,Cairo,30.0444,31.2357,4.0,25,282
778,Dr. Laila Magdy,Urology,Giza,30.0131,31.2089,3.6,30,163
779,Dr. Omar Fathy,Dermatology,Mansoura,31.0409,31.3785,4.9,12,54
780,Dr. Noura Hassan,Dermatology,Sohag,26.556,31.6948,3.7,15,227
781,Dr. Ahmed Magdy,Psychiatry,Giza,30.0131,31.2089,4.0,25,94
782,Dr. Laila Magdy,Dermatology,Giza,30.0131,31.2089,4.0,11,263
783,Dr. Mohamed Lotfy,Orthopedics,Alexandria,31.2001,29.9187,3.7,9,187
784,Dr. Karim Said,Ophthalmology,Ismailia,30.5965,32.2715,4.8,3,195
785,Dr. Heba Fathy,ENT,Giza,30.0131,31.2089,3.6,6,222
786,Dr. Samir Said,Urology,Tanta,30.7865,31.0004,4.3,15,113
787,Dr. Mai Hassan,Orthopedics,Cairo,30.0444,31.2357,3.6,21,196
788,Dr. Noura Mahmoud,Dermatology,Mansoura,31.0409,31.3785,4.7,5,111
789,Dr. Laila Nabil,Ophthalmology,Cairo,30.0444,31.2357,4.3,14,135
790,Dr. Mohamed Magdy,Pediatrics,Zagazig,30.5877,31.502,4.4,24,195
791,Dr. Mohamed Fathy,Psychiatry,Sohag,26.556,31.6948,4.6,23,80
792,Dr. Mostafa Adel,Orthopedics,Ismailia,30.5965,32.2715,4.5,11,227
793,Dr. Youssef Mahmoud,Dermatology,Cairo,30.0444,31.2357,4.8,15,149
794,Dr. Hala Adel,ENT,Assiut,27.18,31.1837,4.6,24,155
795,Dr. Mona Adel,ENT,Tanta,30.7865,31.0004,3.9,30,155
796,Dr. Youssef Samir,Pediatrics,Fayoum,29.3084,30.8429,4.2,23,95
797,Dr. Karim Adel,Neurology,Cairo,30.0444,31.2357,4.3,11,97
798,Dr. Heba Fathy,ENT,Ismailia,30.5965,32.2715,3.5,8,273
799,Dr. Salma Adel,Pediatrics,Giza,30.0131,31.2089,4.0,23,143
800,Dr. Samir Kamal,Cardiology,Fayoum,29.3084,30.8429,4.6,18,205
801,Dr. Ahmed Youssef,Neurology,Alexandria,31.2001,29.9187,3.8,22,130
802,Dr. Noura Youssef,Cardiology,Mansoura,31.0409,31.3785,4.1,22,119
803,Dr. Omar Said,Urology,Alexandria,31.2001,29.9187,4.1,29,132
804,Dr. Samir Youssef,Pediatrics,Zagazig,30.5877,31.502,3.9,5,31
805,Dr. Noura Samir,ENT,Ismailia,30.5965,32.2715,3.7,7,46
806,Dr. Tamer Adel,Psychiatry,Fayoum,29.3084,30.8429,4.6,8,96
807,Dr. Laila Lotfy,Urology,Fayoum,29.3084,30.8429,5.0,26,169
808,Dr. Laila Magdy,Psychiatry,Assiut,27.18,31.1837,4.7,23,117
809,Dr. Mai Mahmoud,Gynecology,Sohag,26.556,31.6948,3.8,6,222
810,Dr. Hala Adel,Urology,Zagazig,30.5877,31.502,3.8,10,100
811,Dr. Heba Kamal,Psychiatry,Tanta,30.7865,31.0004,3.7,17,120
812,Dr. Heba Said,Gynecology,Zagazig,30.5877,31.502,4.7,12,248
813,Dr. Omar Said,Neurology,Sohag,26.556,31.6948,4.8,7,107
814,Dr. Sara Samir,ENT,Zagazig,30.5877,31.502,5.0,12,256
815,Dr. Mostafa Lotfy,Neurology,Sohag,26.556,31.6948,4.6,21,211
816,Dr. Karim Nabil,ENT,Tanta,30.7865,31.0004,3.8,22,96
817,Dr. Noura Adel,Ophthalmology,Sohag,26.556,31.6948,4.0,14,156
818,Dr. Tamer Adel,Orthopedics,Sohag,26.556,31.6948,4.3,22,111
819,Dr. Sara Samir,Dermatology,Assiut,27.18,31.1837,4.1,27,119
820,Dr. Mostafa Adel,Psychiatry,Cairo,30.0444,31.2357,4.8,27,186
821,Dr. Omar Kamal,Orthopedics,Cairo,30.0444,31.2357,4.9,10,143
822,Dr. Mona Hassan,Orthopedics,Fayoum,29.3084,30.8429,3.5,9,220
823,Dr. Omar Youssef,Orthopedics,Tanta,30.7865,31.0004,4.4,29,21
824,Dr. Karim Ali,Gynecology,Mansoura,31.0409,31.3785,4.0,19,163
825,Dr. Youssef Hassan,Neurology,Tanta,30.7865,31.0004,3.8,20,290
826,Dr. Hala Nabil,Pediatrics,Assiut,27.18,31.1837,3.7,19,139
827,Dr. Karim Samir,Pediatrics,Ismailia,30.5965,32.2715,4.1,3,237
828,Dr. Samir Lotfy,Ophthalmology,Fayoum,29.3084,30.8429,4.5,3,249
829,Dr. Salma Youssef,Neurology,Assiut,27.18,31.1837,3.9,10,291
830,Dr. Mohamed Kamal,Ophthalmology,Zagazig,30.5877,31.502,3.7,13,185
831,Dr. Heba Kamal,Gynecology,Assiut,27.18,31.1837,4.7,19,53
832,Dr. Salma Mahmoud,Dermatology,Giza,30.0131,31.2089,4.6,13,111
833,Dr. Samir Lotfy,Dermatology,Zagazig,30.5877,31.502,4.3,3,244
834,Dr. Tamer Hassan,Orthopedics,Fayoum,29.3084,30.8429,3.9,4,231
835,Dr. Salma Hassan,Dermatology,Giza,30.0131,31.2089,4.3,7,155
836,Dr. Salma Lotfy,Cardiology,Mansoura,31.0409,31.3785,3.6,11,154
837,Dr. Mona Lotfy,Pediatrics,Ismailia,30.5965,32.2715,4.7,30,197
838,Dr. Mohamed Magdy,Neurology,Cairo,30.0444,31.2357,4.8,16,80
839,Dr. Sara Hassan,Urology,Sohag,26.556,31.6948,4.3,3,118
840,Dr. Youssef Said,Pediatrics,Ismailia,30.5965,32.2715,4.9,12,278
841,Dr. Mai Nabil,Orthopedics,Cairo,30.0444,31.2357,4.9,24,147
842,Dr. Youssef Hassan,Pediatrics,Alexandria,31.2001,29.9187,4.5,5,94
843,Dr. Laila Hassan,Cardiology,Cairo,30.0444,31.2357,3.7,21,170
844,Dr. Tamer Hassan,Neurology,Cairo,30.0444,31.2357,4.8,4,209
845,Dr. Noura Said,ENT,Zagazig,30.5877,31.502,4.6,23,155
846,Dr. Mai Said,Psychiatry,Tanta,30.7865,31.0004,4.2,26,252
847,Dr. Karim Kamal,Psychiatry,Fayoum,29.3084,30.8429,4.0,16,143
848,Dr. Salma Kamal,Orthopedics,Ismailia,30.5965,32.2715,3.6,7,279
849,Dr. Samir Nabil,Ophthalmology,Ismailia,30.5965,32.2715,3.7,8,103
850,Dr. Mai Said,Orthopedics,Assiut,27.18,31.1837,4.5,27,228
851,Dr. Omar Kamal,Cardiology,Assiut,27.18,31.1837,3.8,13,169
852,Dr. Mostafa Mahmoud,Pediatrics,Alexandria,31.2001,29.9187,4.8,9,258
853,Dr. Mai Ali,Psychiatry,Assiut,27.18,31.1837,4.9,21,243
854,Dr. Ahmed Lotfy,Dermatology,Giza,30.0131,31.2089,4.4,26,298
855,Dr. Mostafa Hassan,Cardiology,Alexandria,31.2001,29.9187,4.3,22,241
856,Dr. Hala Samir,Gynecology,Ismailia,30.5965,32.2715,4.7,29,217
857,Dr. Noura Ali,Gynecology,Tanta,30.7865,31.0004,3.6,20,248
858,Dr. Samir Samir,Neurology,Tanta,30.7865,31.0004,4.0,24,270
859,Dr. Samir Ali,Pediatrics,Mansoura,31.0409,31.3785,3.9,6,181
860,Dr. Ahmed Adel,Ophthalmology,Zagazig,30.5877,31.502,3.9,12,46
861,Dr. Mona Adel,Urology,Giza,30.0131,31.2089,4.4,4,58
862,Dr. Mostafa Fathy,Urology,Cairo,30.0444,31.2357,3.9,21,272
863,Dr. Mai Hassan,Neurology,Alexandria,31.2001,29.9187,4.3,5,297
864,Dr. Salma Adel,Ophthalmology,Alexandria,31.2001,29.9187,3.6,19,150
865,Dr. Youssef Mahmoud,Ophthalmology,Sohag,26.556,31.6948,4.3,9,237
866,Dr. Sara Lotfy,Dermatology,Fayoum,29.3084,30.8429,3.6,29,75
867,Dr. Samir Ali,Gynecology,Zagazig,30.5877,31.502,3.8,25,112
868,Dr. Tamer Samir,Neurology,Zagazig,30.5877,31.502,4.2,7,118
869,Dr. Laila Kamal,Cardiology,Fayoum,29.3084,30.8429,4.9,12,257
870,Dr. Mostafa Mahmoud,Neurology,Fayoum,29.3084,30.8429,3.9,26,40
871,Dr. Laila Magdy,Ophthalmology,Mansoura,31.0409,31.3785,4.4,14,62
872,Dr. Ahmed Nabil,Urology,Mansoura,31.0409,31.3785,4.3,24,23
873,Dr. Mostafa Nabil,ENT,Assiut,27.18,31.1837,3.7,28,270
874,Dr. Karim Mahmoud,Pediatrics,Sohag,26.556,31.6948,4.0,20,181
875,Dr. Mai Said,Cardiology,Zagazig,30.5877,31.502,5.0,25,227
876,Dr. Mai Mahmoud,Orthopedics,Mansoura,31.0409,31.3785,4.1,5,291
877,Dr. Ahmed Said,Cardiology,Fayoum,29.3084,30.8429,4.0,6,171
878,Dr. Mostafa Youssef,Cardiology,Assiut,27.18,31.1837,3.9,20,208
879,Dr. Samir Nabil,Dermatology,Assiut,27.18,31.1837,4.0,20,255
880,Dr. Hala Mahmoud,Urology,Cairo,30.0444,31.2357,4.0,9,155
881,Dr. Hala Ali,Dermatology,Assiut,27.18,31.1837,3.8,11,47
882,Dr. Sara Samir,Orthopedics,Sohag,26.556,31.6948,4.6,30,31
883,Dr. Omar Hassan,Neurology,Mansoura,31.0409,31.3785,3.6,25,210
884,Dr. Karim Lotfy,Pediatrics,Giza,30.0131,31.2089,5.0,22,194
885,Dr. Ahmed Lotfy,Gynecology,Sohag,26.556,31.6948,4.5,25,296
886,Dr. Mona Nabil,Psychiatry,Zagazig,30.5877,31.502,4.2,27,127
887,Dr. Karim Nabil,Neurology,Sohag,26.556,31.6948,4.3,30,48
888,Dr. Hala Youssef,Psychiatry,Alexandria,31.2001,29.9187,4.4,13,197
889,Dr. Heba Kamal,Gynecology,Mansoura,31.0409,31.3785,4.7,28,237
890,Dr. Samir Kamal,Gynecology,Alexandria,31.2001,29.9187,4.4,29,37
891,Dr. Noura Fathy,Psychiatry,Mansoura,31.0409,31.3785,4.9,22,141
892,Dr. Noura Magdy,Urology,Assiut,27.18,31.1837,4.9,22,89
893,Dr. Sara Magdy,Ophthalmology,Alexandria,31.2001,29.9187,4.1,18,270
894,Dr. Hala Ali,Urology,Giza,30.0131,31.2089,4.0,13,39
895,Dr. Mostafa Ali,Urology,Fayoum,29.3084,30.8429,4.8,10,46
896,Dr. Karim Ali,Gynecology,Cairo,30.0444,31.2357,4.0,21,77
897,Dr. Heba Fathy,Gynecology,Cairo,30.0444,31.2357,4.1,13,30
898,Dr. Karim Magdy,Orthopedics,Assiut,27.18,31.1837,3.9,6,144
899,Dr. Omar Hassan,Gynecology,Giza,30.0131,31.2089,4.8,18,116
900,Dr. Heba Nabil,ENT,Assiut,27.18,31.1837,3.5,20,132
901,Dr. Salma Fathy,Psychiatry,Mansoura,31.0409,31.3785,3.7,24,263
902,Dr. Mostafa Kamal,Gynecology,Mansoura,31.0409,31.3785,4.9,23,258
903,Dr. Mohamed Ali,Pediatrics,Tanta,30.7865,31.0004,4.5,27,282
904,Dr. Hala Lotfy,Gynecology,Tanta,30.7865,31.0004,4.5,7,38
905,Dr. Mostafa Magdy,Orthopedics,Ismailia,30.5965,32.2715,3.9,14,274
906,Dr. Mohamed Said,Pediatrics,Sohag,26.556,31.6948,3.7,29,277
907,Dr. Karim Lotfy,Dermatology,Assiut,27.18,31.1837,4.6,11,140
908,Dr. Sara Nabil,Psychiatry,Tanta,30.7865,31.0004,3.6,18,32
909,Dr. Youssef Said,Cardiology,Mansoura,31.0409,31.3785,3.8,20,60
910,Dr. Omar Fathy,Pediatrics,Mansoura,31.0409,31.3785,4.4,18,70
911,Dr. Laila Lotfy,Urology,Tanta,30.7865,31.0004,4.0,20,253
912,Dr. Samir Youssef,Neurology,Cairo,30.0444,31.2357,4.8,26,137
913,Dr. Sara Magdy,Dermatology,Alexandria,31.2001,29.9187,4.1,20,171
914,Dr. Tamer Mahmoud,Orthopedics,Alexandria,31.2001,29.9187,4.1,22,87
915,Dr. Youssef Said,Urology,Tanta,30.7865,31.0004,4.7,23,198
916,Dr. Mostafa Hassan,Pediatrics,Ismailia,30.5965,32.2715,4.0,30,46
917,Dr. Omar Lotfy,Psychiatry,Fayoum,29.3084,30.8429,4.1,26,191
918,Dr. Sara Samir,Gynecology,Zagazig,30.5877,31.502,4.7,14,71
919,Dr. Ahmed Hassan,Gynecology,Tanta,30.7865,31.0004,4.1,4,73
920,Dr. Sara Said,Urology,Fayoum,29.3084,30.8429,4.7,6,220
921,Dr. Karim Ali,Urology,Tanta,30.7865,31.0004,4.8,30,297
922,Dr. Tamer Youssef,ENT,Tanta,30.7865,31.0004,4.6,5,257
923,Dr. Mona Youssef,Neurology,Tanta,30.7865,31.0004,3.9,6,164
924,Dr. Mohamed Ali,Urology,Alexandria,31.2001,29.9187,4.0,15,218
925,Dr. Noura Mahmoud,Urology,Giza,30.0131,31.2089,3.5,9,120
926,Dr. Tamer Magdy,Pediatrics,Mansoura,31.0409,31.3785,4.9,10,167
927,Dr. Youssef Magdy,Dermatology,Zagazig,30.5877,31.502,4.1,3,235
928,Dr. Laila Hassan,Gynecology,Fayoum,29.3084,30.8429,4.5,7,195
929,Dr. Mona Adel,ENT,Cairo,30.0444,31.2357,4.1,3,290
930,Dr. Ahmed Mahmoud,Neurology,Assiut,27.18,31.1837,3.6,30,236
931,Dr. Heba Fathy,Cardiology,Fayoum,29.3084,30.8429,4.5,13,21
932,Dr. Sara Adel,Pediatrics,Assiut,27.18,31.1837,4.1,6,209
933,Dr. Samir Kamal,Dermatology,Assiut,27.18,31.1837,4.4,25,172
934,Dr. Karim Youssef,Dermatology,Assiut,27.18,31.1837,4.3,10,283
935,Dr. Ahmed Mahmoud,ENT,Mansoura,31.0409,31.3785,4.2,12,244
936,Dr. Noura Kamal,Neurology,Alexandria,31.2001,29.9187,4.8,23,45
937,Dr. Mona Nabil,Urology,Fayoum,29.3084,30.8429,3.7,25,260
938,Dr. Youssef Ali,Psychiatry,Mansoura,31.0409,31.3785,4.4,22,223
939,Dr. Omar Youssef,Ophthalmology,Mansoura,31.0409,31.3785,3.8,27,178
940,Dr. Karim Nabil,Pediatrics,Cairo,30.0444,31.2357,3.6,12,105
941,Dr. Sara Ali,Cardiology,Zagazig,30.5877,31.502,4.5,25,36
942,Dr. Hala Fathy,Gynecology,Cairo,30.0444,31.2357,3.9,12,267
943,Dr. Hala Hassan,Pediatrics,Assiut,27.18,31.1837,3.6,9,89
944,Dr. Mona Nabil,Psychiatry,Ismailia,30.5965,32.2715,4.1,9,244
945,Dr. Salma Mahmoud,Psychiatry,Assiut,27.18,31.1837,4.9,4,286
946,Dr. Mostafa Ali,Cardiology,Assiut,27.18,31.1837,4.5,12,50
947,Dr. Salma Youssef,Pediatrics,Zagazig,30.5877,31.502,4.3,4,253
948,Dr. Tamer Nabil,Psychiatry,Ismailia,30.5965,32.2715,4.5,6,104
949,Dr. Sara Adel,Neurology,Zagazig,30.5877,31.502,5.0,22,283
950,Dr. Youssef Fathy,Pediatrics,Mansoura,31.0409,31.3785,3.5,10,100
951,Dr. Noura Lotfy,Urology,Tanta,30.7865,31.0004,3.6,25,264
952,Dr. Mai Mahmoud,Orthopedics,Alexandria,31.2001,29.9187,4.6,17,129
953,Dr. Omar Said,Pediatrics,Alexandria,31.2001,29.9187,4.6,17,65
954,Dr. Heba Mahmoud,Pediatrics,Assiut,27.18,31.1837,4.1,10,93
955,Dr. Sara Said,Cardiology,Zagazig,30.5877,31.502,3.9,15,61
956,Dr. Karim Ali,Psychiatry,Tanta,30.7865,31.0004,3.7,20,192
957,Dr. Laila Samir,Ophthalmology,Sohag,26.556,31.6948,4.9,4,108
958,Dr. Mostafa Ali,Gynecology,Zagazig,30.5877,31.502,4.6,4,216
959,Dr. Mona Kamal,Urology,Fayoum,29.3084,30.8429,4.4,10,98
960,Dr. Salma Youssef,Ophthalmology,Cairo,30.0444,31.2357,4.7,30,255
961,Dr. Mai Said,Cardiology,Zagazig,30.5877,31.502,4.1,11,179
962,Dr. Mona Mahmoud,Urology,Tanta,30.7865,31.0004,3.9,26,187
963,Dr. Heba Nabil,Ophthalmology,Assiut,27.18,31.1837,3.9,4,164
964,Dr. Omar Samir,Dermatology,Sohag,26.556,31.6948,4.8,27,137
965,Dr. Mai Kamal,Pediatrics,Ismailia,30.5965,32.2715,4.1,25,285
966,Dr. Omar Magdy,Gynecology,Assiut,27.18,31.1837,4.1,18,76
967,Dr. Ahmed Hassan,ENT,Giza,30.0131,31.2089,4.4,7,95
968,Dr. Heba Fathy,Ophthalmology,Mansoura,31.0409,31.3785,4.4,16,125
969,Dr. Omar Magdy,Ophthalmology,Mansoura,31.0409,31.3785,3.9,18,275
970,Dr. Mai Samir,ENT,Zagazig,30.5877,31.502,4.0,18,23
971,Dr. Heba Mahmoud,Cardiology,Assiut,27.18,31.1837,3.6,12,22
972,Dr. Laila Adel,ENT,Giza,30.0131,31.2089,4.5,4,190
973,Dr. Mohamed Kamal,Urology,Assiut,27.18,31.1837,3.8,26,95
974,Dr. Karim Hassan,Psychiatry,Ismailia,30.5965,32.2715,3.6,27,75
975,Dr. Youssef Magdy,ENT,Fayoum,29.3084,30.8429,4.1,10,75
976,Dr. Mostafa Kamal,Urology,Fayoum,29.3084,30.8429,3.6,18,141
977,Dr. Tamer Lotfy,Pediatrics,Fayoum,29.3084,30.8429,4.4,26,36
978,Dr. Youssef Youssef,ENT,Alexandria,31.2001,29.9187,4.8,27,216
979,Dr. Mohamed Youssef,Gynecology,Assiut,27.18,31.1837,4.4,15,174
980,Dr. Mai Hassan,ENT,Giza,30.0131,31.2089,4.2,19,241
981,Dr. Mai Lotfy,Pediatrics,Sohag,26.556,31.6948,4.8,17,203
982,Dr. Salma Samir,Gynecology,Assiut,27.18,31.1837,4.6,26,298
983,Dr. Laila Fathy,Dermatology,Assiut,27.18,31.1837,3.6,23,272
984,Dr. Hala Mahmoud,Dermatology,Sohag,26.556,31.6948,3.6,17,31
985,Dr. Tamer Ali,Gynecology,Sohag,26.556,31.6948,4.5,9,211
986,Dr. Youssef Said,Neurology,Ismailia,30.5965,32.2715,4.8,12,32
987,Dr. Noura Adel,Psychiatry,Ismailia,30.5965,32.2715,4.4,28,194
988,Dr. Laila Mahmoud,Ophthalmology,Assiut,27.18,31.1837,4.4,8,224
989,Dr. Salma Magdy,Urology,Tanta,30.7865,31.0004,4.2,12,241
990,Dr. Laila Fathy,Ophthalmology,Alexandria,31.2001,29.9187,4.9,11,124
991,Dr. Heba Nabil,Ophthalmology,Fayoum,29.3084,30.8429,4.0,21,262
992,Dr. Karim Hassan,Orthopedics,Assiut,27.18,31.1837,3.9,14,296
993,Dr. Karim Mahmoud,Psychiatry,Assiut,27.18,31.1837,4.3,9,108
994,Dr. Noura Ali,Neurology,Fayoum,29.3084,30.8429,3.8,12,54
995,Dr. Sara Kamal,Orthopedics,Ismailia,30.5965,32.2715,4.5,6,177
996,Dr. Tamer Mahmoud,ENT,Giza,30.0131,31.2089,4.6,12,118
997,Dr. Noura Magdy,ENT,Alexandria,31.2001,29.9187,4.9,11,217
998,Dr. Mostafa Fathy,Ophthalmology,Sohag,26.556,31.6948,3.7,25,115
999,Dr. Mohamed Fathy,Neurology,Zagazig,30.5877,31.502,4.5,29,252
1000,Dr. Ahmed Lotfy,Pediatrics,Ismailia,30.5965,32.2715,4.3,18,188
